,campaign_id,campaign_name,start_date,end_date,channel,impressions,clicks,spend,conversions,active,campaign_tag,season
0,CMP-00001,Q4_Summer_CMP-00001,2023-11-24,2023-12-13,TikTok,16795,197,10282,20.0,True,TI,Summer
1,CMP-00002,Q1_Launch_CMP-00002,2023-05-06,2023-05-12,Facebook,1860,30,2433,1.0,False,FA,Launch
2,CMP-00003,Q3_Winter_CMP-00003,2023-12-13,2023-12-20,Email,77820,843,132339,51.0,False,EM,Winter
3,CMP-00004,Q1_BlackFriday_CMP-00004,2023-10-30,2023-11-03,TikTok,55886,2019,218038,135.0,False,TI,BlackFriday
4,CMP-00005,Q2_Winter_CMP-00005,2023-04-22,2023-04-23,Facebook,7265,169,25244,30.0,True,FA,Winter
5,CMP-00006,Q4_BlackFriday_CMP-00006,2023-10-15,2023-10-28,Instagram,83386,2643,269703,,True,IN,BlackFriday
6,CMP-00007,Q3_Launch_CMP-00007,2023-10-07,2023-10-23,Facebook,38194,1135,123276,178.0,True,FA,Launch
7,CMP-00008,Q4_Launch_CMP-00008,2023-05-23,2023-05-28,Instagram,88498,1173,8657,127.0,True,IN,Launch
8,CMP-00009,Q4_BlackFriday_CMP-00009,2023-03-23,2023-04-01,Google Ads,45131,1179,104618,104.0,True,GO,BlackFriday
9,CMP-00010,Q2_Winter_CMP-00010,2023-03-21,2023-04-01,Email,61263,1153,162356,,False,EM,Winter
10,CMP-00011,Q4_Launch_CMP-00011,2023-02-22,2023-03-01,Instagram,17023,455,52313,76.0,True,IN,Launch
11,CMP-00012,Q4_Launch_CMP-00012,2023-02-19,2023-02-20,Google Ads,42090,763,126769,109.0,False,GO,Launch
12,CMP-00013,Q2_Launch_CMP-00013,2023-05-16,2023-06-01,Google Ads,68221,2975,529216,567.0,False,GO,Launch
13,CMP-00014,Q1_Launch_CMP-00014,2023-10-02,2023-10-15,TikTok,65820,1116,146472,169.0,True,TI,Launch
14,CMP-00015,Q2_Summer_CMP-00015,2023-02-10,2023-02-16,Google Ads,1769,85,13918,11.0,True,GO,Summer
15,CMP-00016,Q2_BlackFriday_CMP-00016,2023-11-13,2023-11-23,Email,60735,1617,15529,228.0,True,E-,BlackFriday
16,CMP-00017,Q1_Winter_CMP-00017,2023-04-09,2023-10-01,Email,63955,2804,314737,536.0,False,EM,Winter
17,CMP-00018,Q1_BlackFriday_CMP-00018,2023-04-27,2023-05-25,Instagram,65925,2317,363576,389.0,False,IN,BlackFriday
18,CMP-00019,Q4_Winter_CMP-00019,2023-04-30,2023-05-18,Facebook,68969,2718,293359,145.0,False,FA,Winter
19,CMP-00020,Q1_Summer_CMP-00020,2023-08-21,2023-08-30,Email,6311,256,35399,,True,INVALID,Summer
20,CMP-00021,Q3_BlackFriday_CMP-00021,2023-07-09,2023-07-17,Facebook,84104,2539,197549,,True,FA,BlackFriday
21,CMP-00022,Q2_BlackFriday_CMP-00022,2023-12-26,2024-01-02,Google Ads,54707,1735,24284,,True,GO,BlackFriday
22,CMP-00023,Q4_Winter_CMP-00023,2023-11-08,2023-11-24,Google Ads,86305,2637,472622,216.0,False,GO,Winter
23,CMP-00024,Q4_Winter_CMP-00024,2023-05-06,2023-06-05,Instagram,29693,995,179394,179.0,False,IN,Winter
24,CMP-00025,Q2_Winter_CMP-00025,2023-11-24,2023-12-18,Email,72932,815,129301,157.0,False,EM,Winter
25,CMP-00026,Q1_Winter_CMP-00026,2023-06-16,2023-07-02,Google Ads,94016,2427,392842,207.0,False,GO,Winter
26,CMP-00027,Q1_Winter_CMP-00027,2023-04-28,2023-05-12,TikTok,26658,912,121924,166.0,False,TI,Winter
27,CMP-00028,Q4_Summer_CMP-00028,2023-07-25,2023-08-08,Email,85478,2898,399055,187.0,True,EM,Summer
28,CMP-00029,Q4_BlackFriday_CMP-00029,2023-10-18,2023-11-15,Instagram,19431,810,56739,47.0,True,IN,BlackFriday
29,CMP-00030,Q1_Summer_CMP-00030,2023-12-02,2023-12-08,Instagram,3747,135,15738,9.0,False,IN,Summer
30,CMP-00031,Q1_Launch_CMP-00031,2023-11-26,2023-12-12,Google Ads,60150,2988,351438,175.0,True,GO,Launch
31,CMP-00032,Q2_Summer_CMP-00032,2023-05-07,2023-05-29,Instagram,66725,1424,275935,251.0,False,IN,Summer
32,CMP-00033,Q2_BlackFriday_CMP-00033,2023-10-27,2023-10-29,Instagram,85654,2087,239302,122.0,False,IN,BlackFriday
33,CMP-00034,Q2_Summer_CMP-00034,2023-07-05,2023-07-17,Facebook,36773,932,123398,84.0,False,FA,Summer
34,CMP-00035,Q2_Summer_CMP-00035,2023-09-18,2023-09-22,Instagram,68435,1959,254646,128.0,True,IN,Summer
35,CMP-00036,Q1_Launch_CMP-00036,2023-02-26,2023-03-01,TikTok,57886,2514,365823,237.0,True,TI,Launch
36,CMP-00037,Q2_Winter_CMP-00037,2023-12-15,2023-12-26,Instagram,67803,1317,213663,83.0,True,IN,Winter
37,CMP-00038,Q4_Winter_CMP-00038,2023-07-15,2023-08-07,TikTok,32551,1335,111815,200.0,True,TI,Winter
38,CMP-00039,Q3_Launch_CMP-00039,2023-05-09,2023-05-25,Email,12394,324,41896,22.0,True,EM,Launch
39,CMP-00040,Q4_BlackFriday_CMP-00040,2023-01-06,2023-01-26,Email,70092,2388,415244,424.0,False,EM,BlackFriday
40,CMP-00041,Q4_Summer_CMP-00041,2023-10-02,2023-10-12,Email,4890,172,20548,29.0,False,EM,Summer
41,CMP-00042,Q3_Summer_CMP-00042,2023-06-24,2023-06-29,TikTok,42606,1061,97367,55.0,True,TI,Summer
42,CMP-00043,Q2_Summer_CMP-00043,2023-08-21,2023-08-29,Instagram,97276,2967,439728,546.0,True,IN,Summer
43,CMP-00044,Q1_Winter_CMP-00044,2023-05-15,2023-06-01,Email,81038,2149,372991,116.0,True,E-,Winter
44,CMP-00045,Q2_Summer_CMP-00045,2023-09-17,2023-10-03,TikTok,88313,1127,67024,96.0,False,TI,Summer
45,CMP-00046,Q4_Launch_CMP-00046,2023-06-02,2023-06-28,Instagram,11627,319,53119,17.0,False,IN,Launch
46,CMP-00047,Q4_BlackFriday_CMP-00047,2023-04-12,2023-04-19,Google Ads,9792,136,23562,13.0,True,GO,BlackFriday
47,CMP-00048,Q3_Winter_CMP-00048,2023-10-04,2023-10-18,Email,74969,1964,234165,249.0,True,EM,Winter
48,CMP-00049,Q4_Winter_CMP-00049,2023-01-01,2023-01-17,Facebook,44001,1483,292886,,False,FA,Winter
49,CMP-00050,Q3_Summer_CMP-00050,2023-02-27,2023-02-28,Email,77552,2572,432112,258.0,False,INVALID,Summer
50,CMP-00051,Q4_Winter_CMP-00051,2023-06-07,2023-06-17,Google Ads,24897,908,150773,141.0,True,GO,Winter
51,CMP-00052,Q2_Launch_CMP-00052,2023-10-18,2023-11-08,TikTok,69148,954,154716,74.0,False,TI,Launch
52,CMP-00053,Q1_Winter_CMP-00053,2023-09-06,2023-09-12,Facebook,24483,883,64098,,False,FA,Winter
53,CMP-00054,Q4_Winter_CMP-00054,2023-09-30,2023-10-11,,49555,1114,91999,95.0,False,XX,Winter
54,CMP-00055,Q1_Launch_CMP-00055,2023-09-01,2023-10-01,Google Ads,18159,471,56331,33.0,False,GO,Launch
55,CMP-00056,Q4_BlackFriday_CMP-00056,2023-09-28,2023-10-08,Facebook,81077,3593,321935,279.0,False,FA,BlackFriday
56,CMP-00057,Q4_Launch_CMP-00057,2023-04-19,2023-05-11,Email,36920,382,42893,29.0,True,EM,Launch
57,CMP-00058,Q2_Summer_CMP-00058,2023-12-20,2024-01-09,TikTok,93067,3121,571984,396.0,False,TI,Summer
58,CMP-00059,Q3_Launch_CMP-00059,2023-12-10,2023-12-24,Facebook,68121,2312,401477,408.0,True,FA,Launch
59,CMP-00060,Q2_BlackFriday_CMP-00060,2023-09-22,2023-10-12,Email,70479,1823,263434,112.0,True,EM,BlackFriday
60,CMP-00061,Q1_Summer_CMP-00061,2023-02-02,2023-02-06,Google Ads,90475,1762,314901,274.0,True,GO,Summer
61,CMP-00062,Q1_BlackFriday_CMP-00062,2023-04-28,2023-05-18,Google Ads,20457,396,66356,58.0,True,GO,BlackFriday
62,CMP-00063,Q3_Summer_CMP-00063,2023-12-29,2024-01-03,Facebook,67557,3063,350247,554.0,False,FA,Summer
63,CMP-00064,Q2_BlackFriday_CMP-00064,2023-01-17,2023-02-03,Email,78189,2164,173466,187.0,False,EM,BlackFriday
64,CMP-00065,Q2_Summer_CMP-00065,2023-05-02,2023-05-12,Email,79953,1857,236081,218.0,False,EM,Summer
65,CMP-00066,Q1_Winter_CMP-00066,2023-10-04,2023-10-15,TikTok,53995,1509,242095,285.0,True,TI,Winter
66,CMP-00067,Q1_BlackFriday_CMP-00067,2023-10-20,2023-11-13,Google Ads,41757,1535,177236,,True,GO,BlackFriday
67,CMP-00068,Q2_Winter_CMP-00068,2023-08-31,2023-09-12,Facebook,10692,169,25353,18.0,False,FA,Winter
68,CMP-00069,Q1_Winter_CMP-00069,2023-02-19,2023-03-17,Email,46758,1308,83907,91.0,True,EM,Winter
69,CMP-00070,Q3_Summer_CMP-00070,2023-07-30,2023-08-22,Email,73409,2460,399014,219.0,True,EM,Summer
70,CMP-00071,Q1_Launch_CMP-00071,2023-12-11,2024-01-08,TikTok,72211,3462,595142,474.0,True,TI,Launch
71,CMP-00072,Q1_Summer_CMP-00072,2023-02-01,2023-03-03,Email,66697,1340,209074,,True,EM,Summer
72,CMP-00073,Q3_Summer_CMP-00073,2023-02-25,2023-03-09,Google Ads,38065,927,180848,,False,GO,Summer
73,CMP-00074,Q3_Summer_CMP-00074,2023-08-18,2023-09-06,Email,93093,2343,407677,327.0,False,E-,Summer
74,CMP-00075,Q3_BlackFriday_CMP-00075,2023-08-25,2023-09-10,TikTok,33606,1150,213284,152.0,True,TI,BlackFriday
75,CMP-00076,Q4_Winter_CMP-00076,2023-08-15,2023-08-18,Email,12534,304,57771,38.0,True,EM,Winter
76,CMP-00077,Q3_Launch_CMP-00077,2023-02-20,2023-02-21,Google Ads,95663,2998,510266,460.0,False,GO,Launch
77,CMP-00078,Q3_Winter_CMP-00078,2023-10-04,2023-10-19,Email,41397,1708,258145,299.0,False,EM,Winter
78,CMP-00079,Q1_BlackFriday_CMP-00079,2023-05-02,2023-05-14,Google Ads,92387,3530,179528,347.0,True,GO,BlackFriday
79,CMP-00080,Q4_Summer_CMP-00080,2023-04-20,2023-05-04,Facebook,2016,56,6713,10.0,False,FA,Summer
80,CMP-00081,Q2_Summer_CMP-00081,2023-03-26,2023-04-03,Email,90789,4046,548938,299.0,False,EM,Summer
81,CMP-00082,Q4_Launch_CMP-00082,2023-05-16,2023-05-23,TikTok,56591,1829,174861,138.0,False,TI,Launch
82,CMP-00083,Q1_BlackFriday_CMP-00083,2023-05-27,2023-06-07,Instagram,90812,2869,280346,258.0,True,IN,BlackFriday
83,CMP-00084,Q2_Winter_CMP-00084,2023-10-12,2023-11-04,Instagram,24247,275,53398,18.0,False,IN,Winter
84,CMP-00085,Q4_Summer_CMP-00085,2023-04-08,2023-04-16,Email,25300,1251,22988,105.0,True,EM,Summer
85,CMP-00086,Q1_Winter_CMP-00086,2023-10-24,2023-11-23,Google Ads,75065,1119,198485,73.0,True,INVALID,Winter
86,CMP-00087,Q2_Winter_CMP-00087,2023-10-06,2023-11-05,Instagram,83798,1612,178774,279.0,True,IN,Winter
87,CMP-00088,Q2_BlackFriday_CMP-00088,2023-10-27,2023-11-25,Instagram,10268,123,6403,8.0,False,IN,BlackFriday
88,CMP-00089,Q4_Winter_CMP-00089,2023-09-29,2023-10-10,,87807,3125,193854,506.0,False,XX,Winter
89,CMP-00090,Q3_BlackFriday_CMP-00090,2023-02-11,2023-11-23,Instagram,13185,250,24207,14.0,True,IN,BlackFriday
90,CMP-00091,Q3_Launch_CMP-00091,2023-02-04,2023-03-06,Instagram,64704,1112,58226,213.0,True,IN,Launch
91,CMP-00092,Q1_Launch_CMP-00092,2023-03-03,2023-04-01,Google Ads,87779,1188,62456,186.0,False,GO,Launch
92,CMP-00093,Q2_Winter_CMP-00093,2023-10-24,2023-11-09,Google Ads,40099,566,10612,28.0,False,GO,Winter
93,CMP-00094,Q1_Winter_CMP-00094,2023-08-03,2023-08-29,,9571,319,4974,52.0,False,XX,Winter
94,CMP-00095,Q4_Summer_CMP-00095,2023-06-11,2023-06-20,TikTok,39044,1465,141143,186.0,True,TI,Summer
95,CMP-00096,Q1_Winter_CMP-00096,2023-06-10,2023-06-28,Google Ads,52214,1352,9450,225.0,False,GO,Winter
96,CMP-00097,Q3_Summer_CMP-00097,2023-12-10,2023-12-21,Email,62228,1816,23017,233.0,False,EM,Summer
97,CMP-00098,Q4_Summer_CMP-00098,2023-07-02,2023-08-01,,49984,1871,9505,273.0,False,XX,Summer
98,CMP-00099,Q4_BlackFriday_CMP-00099,2023-11-15,2023-12-11,Instagram,41774,446,8508,74.0,False,IN,BlackFriday
99,CMP-00100,Q2_BlackFriday_CMP-00100,2023-02-07,2023-02-18,TikTok,3568,81,909,8.0,True,TI,BlackFriday
100,CMP-00101,Q2_Summer_CMP-00101,2023-03-09,2023-04-01,TikTok,63592,3111,34330,156.0,False,TI,Summer
101,CMP-00102,Q3_BlackFriday_CMP-00102,2023-05-06,2023-05-13,Google Ads,68563,2276,247149,403.0,False,GO,BlackFriday
102,CMP-00103,Q3_Summer_CMP-00103,2023-10-06,2023-11-04,,3695,74,447,7.0,False,XX,Summer
103,CMP-00104,Q1_Winter_CMP-00104,2023-12-01,2023-12-06,Email,49190,1518,221246,188.0,True,EM,Winter
104,CMP-00105,Q4_BlackFriday_CMP-00105,2023-10-11,2023-10-22,TikTok,6258,148,23673,7.0,False,TI,BlackFriday
105,CMP-00106,Q4_BlackFriday_CMP-00106,2023-03-10,2023-04-05,Google Ads,88538,2770,41943,342.0,False,GO,BlackFriday
106,CMP-00107,Q4_Winter_CMP-00107,2023-10-11,2023-11-01,Google Ads,40504,608,43025,120.0,False,GO,Winter
107,CMP-00108,Q1_Launch_CMP-00108,2023-04-18,2023-05-07,Google Ads,34159,522,71423,47.0,False,GO,Launch
108,CMP-00109,Q1_BlackFriday_CMP-00109,2023-11-21,2023-12-21,TikTok,14986,235,31824,25.0,True,TI,BlackFriday
109,CMP-00110,Q3_Launch_CMP-00110,2023-05-09,2023-05-17,Instagram,62858,2991,539163,457.0,False,IN,Launch
110,CMP-00111,Q4_Winter_CMP-00111,2023-02-17,2023-03-12,Email,13666,537,57389,92.0,False,EM,Winter
111,CMP-00112,Q4_BlackFriday_CMP-00112,2023-01-23,2023-02-11,Email,39660,654,69143,73.0,False,EM,BlackFriday
112,CMP-00113,Q3_BlackFriday_CMP-00113,2023-03-08,2023-03-28,Instagram,4561,79,1128,7.0,False,IN,BlackFriday
113,CMP-00114,Q1_Launch_CMP-00114,2023-08-15,2023-08-23,Facebook,27854,1092,158297,208.0,True,FA,Launch
114,CMP-00115,Q4_BlackFriday_CMP-00115,2023-01-05,2023-02-01,Facebook,65505,1064,128098,161.0,True,FA,BlackFriday
115,CMP-00116,Q1_Summer_CMP-00116,2023-12-20,2024-01-16,Facebook,53251,1032,120186,70.0,True,FA,Summer
116,CMP-00117,Q2_Summer_CMP-00117,2023-07-09,2023-07-17,TikTok,23662,1148,142492,,True,TI,Summer
117,CMP-00118,Q2_Summer_CMP-00118,2023-07-03,2023-08-02,Google Ads,9392,189,33861,23.0,False,GO,Summer
118,CMP-00119,Q3_Launch_CMP-00119,2023-07-06,2023-07-25,Facebook,31535,1149,136932,95.0,True,FA,Launch
119,CMP-00120,Q2_Launch_CMP-00120,2023-01-21,2023-02-06,Facebook,79603,3912,747152,344.0,False,FA,Launch
120,CMP-00121,Q1_Winter_CMP-00121,2023-05-08,2023-06-06,Email,53256,1329,166923,241.0,False,EM,Winter
121,CMP-00122,Q4_Launch_CMP-00122,2023-10-14,2023-10-15,Instagram,90135,964,185454,61.0,True,IN,Launch
122,CMP-00123,Q1_BlackFriday_CMP-00123,2023-11-14,2023-11-25,Facebook,36222,715,125071,112.0,False,FA,BlackFriday
123,CMP-00124,Q4_Launch_CMP-00124,2023-05-02,2023-05-19,,78373,3388,353588,307.0,False,XX,Launch
124,CMP-00125,Q4_Summer_CMP-00125,2023-04-01,2023-05-01,Email,80575,3592,64493,589.0,False,EM,Summer
125,CMP-00126,Q1_Winter_CMP-00126,2023-06-20,2023-06-24,Email,97354,3966,263777,628.0,False,EM,Winter
126,CMP-00127,Q1_Launch_CMP-00127,2023-12-09,2023-12-22,Instagram,85651,1244,234814,63.0,False,IN,Launch
127,CMP-00128,Q4_Winter_CMP-00128,2023-05-17,2023-06-11,Instagram,64335,2690,389368,,True,IN,Winter
128,CMP-00129,Q4_BlackFriday_CMP-00129,2023-07-15,2023-07-20,TikTok,11965,559,32511,39.0,False,TI,BlackFriday
129,CMP-00130,Q1_BlackFriday_CMP-00130,2023-04-24,2023-05-14,Facebook,25538,868,127282,156.0,False,FA,BlackFriday
130,CMP-00131,Q3_Launch_CMP-00131,2023-06-29,2023-07-10,Google Ads,71592,3410,668828,616.0,False,INVALID,Launch
131,CMP-00132,Q2_Launch_CMP-00132,2023-04-27,2023-04-30,Google Ads,99018,4265,257905,480.0,False,GO,Launch
132,CMP-00133,Q1_BlackFriday_CMP-00133,2023-07-24,2023-08-10,Facebook,9110,334,4449,38.0,True,FA,BlackFriday
133,CMP-00134,Q4_Summer_CMP-00134,2023-05-23,2023-06-08,Facebook,80309,2657,430883,253.0,True,FA,Summer
134,CMP-00135,Q2_Launch_CMP-00135,2023-12-14,2023-12-29,Google Ads,28266,676,11596,,True,GO,Launch
135,CMP-00136,Q2_Winter_CMP-00136,2023-01-15,2023-02-04,Google Ads,53992,883,98961,91.0,True,GO,Winter
136,CMP-00137,Q3_Summer_CMP-00137,2023-04-02,2023-05-01,Google Ads,83948,2870,231394,258.0,True,GO,Summer
137,CMP-00138,Q4_Summer_CMP-00138,2023-01-20,2023-02-18,Facebook,99806,2268,127805,260.0,True,FA,Summer
138,CMP-00139,Q3_Launch_CMP-00139,2023-06-10,2023-07-04,Instagram,7910,353,48347,22.0,False,IN,Launch
139,CMP-00140,Q4_Winter_CMP-00140,2023-03-01,2023-03-10,Instagram,91982,4574,539442,,False,IN,Winter
140,CMP-00141,Q1_Winter_CMP-00141,2023-11-05,2023-12-05,Facebook,1206,48,9231,2.0,False,FA,Winter
141,CMP-00142,Q1_Launch_CMP-00142,2023-12-08,2024-01-07,TikTok,88054,1199,7085,175.0,False,TI,Launch
142,CMP-00143,Q3_BlackFriday_CMP-00143,2023-10-03,2023-10-16,Facebook,88897,1915,29263,148.0,False,FA,BlackFriday
143,CMP-00144,Q2_Summer_CMP-00144,2023-12-10,2024-01-04,Google Ads,24419,350,18811,29.0,False,GO,Summer
144,CMP-00145,Q2_Summer_CMP-00145,2023-12-07,2023-12-14,Facebook,51636,1859,-140754,270.0,True,FA,Summer
145,CMP-00146,Q3_Launch_CMP-00146,2023-12-06,2024-01-01,Google Ads,51015,2071,244454,,False,GO,Launch
146,CMP-00147,Q1_BlackFriday_CMP-00147,2023-06-03,2023-06-28,Facebook,55268,2599,307282,433.0,True,FA,BlackFriday
147,CMP-00148,Q4_Launch_CMP-00148,2023-06-17,2023-06-26,Instagram,88939,2448,374189,205.0,True,IN,Launch
148,CMP-00149,Q2_BlackFriday_CMP-00149,2023-03-07,2023-03-30,Facebook,19141,881,164335,67.0,False,FA,BlackFriday
149,CMP-00150,Q2_Summer_CMP-00150,2023-07-14,2023-07-19,,81356,3670,535287,660.0,True,XX,Summer
150,CMP-00151,Q1_Launch_CMP-00151,2023-11-12,2023-11-24,Google Ads,72910,1654,319272,192.0,True,GO,Launch
151,CMP-00152,Q3_BlackFriday_CMP-00152,2023-01-01,2023-01-29,Email,57044,2553,465265,180.0,True,E-,BlackFriday
152,CMP-00153,Q2_Winter_CMP-00153,2023-10-24,2023-11-18,TikTok,68214,1707,235011,306.0,True,TI,Winter
153,CMP-00154,Q3_Launch_CMP-00154,2023-08-15,2023-08-17,TikTok,34827,761,133227,131.0,False,TI,Launch
154,CMP-00155,Q4_Launch_CMP-00155,2023-08-31,2023-09-16,Facebook,56820,2043,299068,403.0,True,INVALID,Launch
155,CMP-00156,Q2_Launch_CMP-00156,2023-03-28,2023-04-05,Facebook,63623,1471,90884,274.0,True,FA,Launch
156,CMP-00157,Q3_Launch_CMP-00157,2023-12-06,2024-01-05,TikTok,82734,2912,469079,,True,TI,Launch
157,CMP-00158,Q1_Winter_CMP-00158,2023-05-01,2023-05-22,Email,76450,2629,168877,,True,INVALID,Winter
158,CMP-00159,Q1_Winter_CMP-00159,2023-04-12,2023-12-05,Google Ads,94426,3072,427353,201.0,False,GO,Winter
159,CMP-00160,Q3_BlackFriday_CMP-00160,2023-09-01,2023-09-12,Google Ads,23299,587,91217,79.0,True,GO,BlackFriday
160,CMP-00161,Q1_Winter_CMP-00161,2023-08-22,2023-09-03,Facebook,44585,1424,8541,184.0,False,INVALID,Winter
161,CMP-00162,Q4_Winter_CMP-00162,2023-04-10,2023-05-07,Google Ads,65044,2202,186331,261.0,False,GO,Winter
162,CMP-00163,Q4_BlackFriday_CMP-00163,2023-07-24,2023-08-13,,43557,1386,259668,151.0,True,INVALID,BlackFriday
163,CMP-00164,Q1_Launch_CMP-00164,2023-01-03,2023-01-19,Google Ads,50080,1391,198144,159.0,True,GO,Launch
164,CMP-00165,Q3_Summer_CMP-00165,2023-02-24,2023-03-14,Instagram,3693,39,3391,,False,IN,Summer
165,CMP-00166,Q4_Winter_CMP-00166,2023-12-23,2023-12-28,TikTok,96003,3214,493677,161.0,True,TI,Winter
166,CMP-00167,Q4_Summer_CMP-00167,2023-05-08,2023-06-03,Google Ads,96259,1611,224761,143.0,True,GO,Summer
167,CMP-00168,Q1_Winter_CMP-00168,2023-03-10,2023-03-19,Facebook,70163,2505,313717,,True,FA,Winter
168,CMP-00169,Q2_Launch_CMP-00169,2023-10-14,2023-10-25,Google Ads,26939,1087,213517,172.0,True,GO,Launch
169,CMP-00170,Q2_Launch_CMP-00170,2023-08-15,2023-08-31,TikTok,49925,1498,228472,114.0,True,TI,Launch
170,CMP-00171,Q2_BlackFriday_CMP-00171,2023-09-16,2023-09-27,,43941,1392,147992,183.0,True,XX,BlackFriday
171,CMP-00172,Q2_Winter_CMP-00172,2023-08-17,2023-09-06,Facebook,22834,1097,186502,172.0,False,FA,Winter
172,CMP-00173,Q1_BlackFriday_CMP-00173,2023-09-01,2023-09-30,Email,19047,835,152544,97.0,False,EM,BlackFriday
173,CMP-00174,Q3_Summer_CMP-00174,2023-11-23,2023-12-11,TikTok,27105,1262,86804,68.0,True,TI,Summer
174,CMP-00175,Q3_BlackFriday_CMP-00175,2023-09-06,2023-09-13,Email,76766,3266,261551,383.0,True,EM,BlackFriday
175,CMP-00176,Q1_Launch_CMP-00176,2023-02-09,2023-03-08,TikTok,16707,239,19702,22.0,False,TI,Launch
176,CMP-00177,Q4_Launch_CMP-00177,2023-06-21,2023-07-17,TikTok,22976,366,56248,,False,TI,Launch
177,CMP-00178,Q4_BlackFriday_CMP-00178,2023-03-12,2023-04-02,Facebook,45262,1406,197481,96.0,False,FA,BlackFriday
178,CMP-00179,Q3_Launch_CMP-00179,2023-03-20,2023-03-27,Facebook,24776,491,70139,72.0,False,FA,Launch
179,CMP-00180,Q3_Summer_CMP-00180,2023-07-28,2023-08-27,Facebook,31080,903,172578,52.0,False,FA,Summer
180,CMP-00181,Q2_Launch_CMP-00181,2023-02-01,2023-02-21,Instagram,67842,1748,290844,,False,IN,Launch
181,CMP-00182,Q4_BlackFriday_CMP-00182,2023-10-27,2023-11-16,Email,62373,1994,137966,265.0,True,EM,BlackFriday
182,CMP-00183,Q2_Winter_CMP-00183,2023-10-22,2023-10-26,Email,7776,310,31659,29.0,True,EM,Winter
183,CMP-00184,Q4_Launch_CMP-00184,2023-06-30,2023-07-10,Email,93787,3622,417649,428.0,False,EM,Launch
184,CMP-00185,Q3_Launch_CMP-00185,2023-08-03,2023-08-27,Facebook,56016,1728,189033,128.0,False,FA,Launch
185,CMP-00186,Q3_Summer_CMP-00186,2023-11-05,2023-11-07,Instagram,10474,449,67528,42.0,True,IN,Summer
186,CMP-00187,Q1_Summer_CMP-00187,2023-05-20,2023-06-13,Facebook,59053,1608,295525,230.0,True,FA,Summer
187,CMP-00188,Q1_Summer_CMP-00188,2023-06-22,2023-07-21,Email,22959,1053,100991,100.0,False,E-,Summer
188,CMP-00189,Q4_Summer_CMP-00189,2023-03-26,2023-04-02,Insta_gram,6530,83,11021,15.0,True,IN,Summer
189,CMP-00190,Q4_Summer_CMP-00190,2023-11-15,2023-12-02,Facebook,95856,4618,777724,,True,FA,Summer
190,CMP-00191,Q4_Summer_CMP-00191,2023-10-31,2023-11-26,Facebook,4748,171,19226,19.0,True,INVALID,Summer
191,CMP-00192,Q3_Launch_CMP-00192,2023-11-26,2023-12-13,Instagram,98504,2482,18669,138.0,True,IN,Launch
192,CMP-00193,Q2_Winter_CMP-00193,2023-04-04,2023-04-14,Facebook,99098,1772,214842,221.0,True,FA,Winter
193,CMP-00194,Q4_Launch_CMP-00194,2023-07-14,2023-07-22,Facebook,14545,424,24712,69.0,False,FA,Launch
194,CMP-00195,Q1_Winter_CMP-00195,2023-06-22,2023-07-18,Email,67199,1194,228481,107.0,False,EM,Winter
195,CMP-00196,Q4_Summer_CMP-00196,2023-08-04,2023-09-03,Instagram,35766,595,36428,101.0,True,IN,Summer
196,CMP-00197,Q3_Launch_CMP-00197,2023-01-10,2023-10-15,Instagram,74530,2585,299262,226.0,True,IN,Launch
197,CMP-00198,Q4_Launch_CMP-00198,2023-06-29,2023-07-22,TikTok,94557,2924,378606,507.0,True,TI,Launch
198,CMP-00199,Q1_BlackFriday_CMP-00199,2023-11-30,2023-12-27,Email,62087,2285,451963,143.0,False,EM,BlackFriday
199,CMP-00200,Q2_BlackFriday_CMP-00200,2023-01-16,2023-02-13,Google Ads,96839,4569,342233,,False,GO,BlackFriday
200,CMP-00201,Q3_BlackFriday_CMP-00201,2023-01-11,2023-02-10,Instagram,69840,2185,146755,272.0,True,IN,BlackFriday
201,CMP-00202,Q3_Launch_CMP-00202,2023-08-31,2023-09-10,Email,55384,1840,94403,173.0,False,EM,Launch
202,CMP-00203,Q2_Summer_CMP-00203,2023-04-22,2023-05-01,Facebook,52005,706,51775,63.0,False,FA,Summer
203,CMP-00204,Q4_Summer_CMP-00204,2023-07-08,2023-07-15,Instagram,47576,1841,149288,211.0,False,IN,Summer
204,CMP-00205,Q1_Summer_CMP-00205,2023-02-28,2023-03-05,Instagram,40353,1049,151672,209.0,True,IN,Summer
205,CMP-00206,Q2_BlackFriday_CMP-00206,2023-06-09,2023-09-16,Email,63003,3091,256417,256.0,False,EM,BlackFriday
206,CMP-00207,Q3_BlackFriday_CMP-00207,2023-06-09,2023-06-10,Instagram,84211,3614,191824,236.0,False,IN,BlackFriday
207,CMP-00208,Q2_Launch_CMP-00208,2023-07-12,2023-07-13,Facebook,53733,1660,288828,228.0,True,FA,Launch
208,CMP-00209,Q2_Launch_CMP-00209,2023-02-08,2023-03-01,,66318,990,103791,122.0,False,INVALID,Launch
209,CMP-00210,Q2_Launch_CMP-00210,2023-05-05,2023-05-26,Insta_gram,90474,4014,413661,516.0,True,IN,Launch
210,CMP-00211,Q1_Launch_CMP-00211,2023-12-17,2024-01-11,TikTok,24664,1035,9871,155.0,False,TI,Launch
211,CMP-00212,Q2_Launch_CMP-00212,2023-10-17,2023-10-31,Facebook,68172,1185,232623,,False,FA,Launch
212,CMP-00213,Q2_Launch_CMP-00213,2023-08-08,2023-08-11,Facebook,86616,1889,142652,,True,FA,Launch
213,CMP-00214,Q3_Winter_CMP-00214,2023-11-28,2023-12-10,Email,94264,3934,72675,453.0,True,EM,Winter
214,CMP-00215,Q4_Winter_CMP-00215,2023-09-08,2023-09-23,TikTok,27736,482,80263,33.0,True,TI,Winter
215,CMP-00216,Q1_Winter_CMP-00216,2023-11-22,2023-12-17,TikTok,95209,4447,273366,717.0,True,TI,Winter
216,CMP-00217,Q1_Launch_CMP-00217,2023-03-20,2023-04-19,Instagram,1854,50,990,7.0,False,IN,Launch
217,CMP-00218,Q3_Winter_CMP-00218,2023-11-30,2023-12-05,Google Ads,91084,1227,111295,119.0,True,INVALID,Winter
218,CMP-00219,Q3_Winter_CMP-00219,2023-10-03,2023-11-02,TikTok,39623,1689,109426,241.0,False,TI,Winter
219,CMP-00220,Q1_Summer_CMP-00220,2023-10-31,2023-11-21,Instagram,8392,209,36449,17.0,False,IN,Summer
220,CMP-00221,Q1_Launch_CMP-00221,2023-02-14,2023-02-27,Facebook,56680,1760,274562,205.0,False,FA,Launch
221,CMP-00222,Q1_Winter_CMP-00222,2023-08-26,2023-09-25,TikTok,47717,691,98525,127.0,True,TI,Winter
222,CMP-00223,Q1_Summer_CMP-00223,2023-06-22,2023-06-28,Facebook,88092,890,65323,62.0,False,FA,Summer
223,CMP-00224,Q4_Summer_CMP-00224,2023-06-16,2023-07-06,Google Ads,51859,1842,224308,,True,GO,Summer
224,CMP-00225,Q2_Launch_CMP-00225,2023-05-13,2023-05-28,,27309,835,139515,144.0,False,INVALID,Launch
225,CMP-00226,Q3_Winter_CMP-00226,2023-12-26,2024-01-20,Instagram,88455,2984,285102,583.0,True,IN,Winter
226,CMP-00227,Q2_Winter_CMP-00227,2023-09-22,2023-10-03,Email,64734,2702,261428,319.0,False,EM,Winter
227,CMP-00228,Q3_Winter_CMP-00228,2023-07-28,2023-08-01,Email,71467,2563,129358,323.0,False,EM,Winter
228,CMP-00229,Q2_Launch_CMP-00229,2023-12-20,2024-01-19,Email,53662,911,6936,123.0,True,EM,Launch
229,CMP-00230,Q3_Summer_CMP-00230,2023-08-18,2023-08-27,TikTok,99506,2431,440767,461.0,True,TI,Summer
230,CMP-00231,Q3_Summer_CMP-00231,2023-04-24,2023-05-09,Instagram,13688,632,73478,112.0,False,INVALID,Summer
231,CMP-00232,Q2_Summer_CMP-00232,2023-12-06,2023-12-15,,26342,1074,21226,81.0,True,XX,Summer
232,CMP-00233,Q1_Summer_CMP-00233,2023-09-29,2023-10-06,Instagram,38157,1231,134617,142.0,True,IN,Summer
233,CMP-00234,Q4_Summer_CMP-00234,2023-10-09,2023-11-01,TikTok,68863,1392,218931,166.0,False,TI,Summer
234,CMP-00235,Q1_Winter_CMP-00235,2023-05-19,2023-06-08,Instagram,53083,1172,108161,197.0,True,IN,Winter
235,CMP-00236,Q3_BlackFriday_CMP-00236,2023-04-09,2023-04-24,Facebook,66733,2621,274082,,False,FA,BlackFriday
236,CMP-00237,Q2_Summer_CMP-00237,2023-12-20,2023-12-30,,90045,3966,311763,587.0,False,XX,Summer
237,CMP-00238,Q1_Launch_CMP-00238,2023-09-05,2023-09-11,,35698,1315,134208,262.0,False,XX,Launch
238,CMP-00239,Q3_Winter_CMP-00239,2023-09-26,2023-10-15,,81623,3459,456884,211.0,False,XX,Winter
239,CMP-00240,Q4_Summer_CMP-00240,2023-04-10,2023-04-15,TikTok,23671,962,191213,80.0,False,TI,Summer
240,CMP-00241,Q4_Summer_CMP-00241,2023-04-06,2023-06-15,Facebook,26184,418,62545,46.0,False,FA,Summer
241,CMP-00242,Q4_Summer_CMP-00242,2023-10-01,2023-10-31,Instagram,94384,2544,203232,259.0,True,IN,Summer
242,CMP-00243,Q4_Summer_CMP-00243,2023-01-28,2023-02-01,Facebook,43107,694,3938,36.0,False,FA,Summer
243,CMP-00244,Q2_Launch_CMP-00244,2023-03-06,2023-03-08,Facebook,87202,1692,116669,107.0,True,FA,Launch
244,CMP-00245,Q4_BlackFriday_CMP-00245,2023-02-22,2023-03-22,Instagram,52663,2357,316741,358.0,False,IN,BlackFriday
245,CMP-00246,Q4_Winter_CMP-00246,2023-08-29,2023-09-09,Email,16708,483,79586,87.0,True,EM,Winter
246,CMP-00247,Q2_BlackFriday_CMP-00247,2023-01-27,2023-02-14,TikTok,92906,2918,557521,,False,TI,BlackFriday
247,CMP-00248,Q1_Winter_CMP-00248,2023-02-28,2023-03-16,Google Ads,50811,870,45565,,False,GO,Winter
248,CMP-00249,Q1_Summer_CMP-00249,2023-02-07,2023-02-19,Facebook,3811,85,10915,7.0,True,FA,Summer
249,CMP-00250,Q3_BlackFriday_CMP-00250,2023-03-19,2023-03-24,Facebook,57250,1099,132572,181.0,False,FA,BlackFriday
250,CMP-00251,Q4_Summer_CMP-00251,2023-05-06,2023-06-16,TikTok,73082,1333,197828,,True,TI,Summer
251,CMP-00252,Q2_BlackFriday_CMP-00252,2023-05-08,2023-06-04,TikTok,35754,1269,169966,175.0,False,TI,BlackFriday
252,CMP-00253,Q1_Winter_CMP-00253,2023-11-07,2023-12-01,Facebook,96742,1961,300143,160.0,False,FA,Winter
253,CMP-00254,Q1_Summer_CMP-00254,2023-09-25,2023-10-08,TikTok,12411,437,64987,28.0,False,TI,Summer
254,CMP-00255,Q2_Winter_CMP-00255,2023-06-02,2023-06-20,TikTok,3911,48,3242,2.0,False,TI,Winter
255,CMP-00256,Q3_Summer_CMP-00256,2023-06-06,2023-06-07,Email,68270,1069,181685,,True,EM,Summer
256,CMP-00257,Q2_Summer_CMP-00257,2023-02-20,2023-03-13,TikTok,84763,1778,121766,308.0,True,TI,Summer
257,CMP-00258,Q3_Winter_CMP-00258,2023-04-19,2023-05-03,TikTok,9680,327,50613,58.0,False,TI,Winter
258,CMP-00259,Q2_Summer_CMP-00259,2023-05-03,2023-06-02,Google Ads,85896,3181,357614,380.0,False,GO,Summer
259,CMP-00260,Q2_BlackFriday_CMP-00260,2023-01-02,2023-01-13,Instagram,84879,2351,298759,,False,IN,BlackFriday
260,CMP-00261,Q3_Launch_CMP-00261,2023-08-29,2023-09-11,Facebook,72295,2012,373215,386.0,False,FA,Launch
261,CMP-00262,Q2_Summer_CMP-00262,2023-12-28,2024-01-03,Facebook,89614,3493,640905,318.0,False,FA,Summer
262,CMP-00263,Q3_BlackFriday_CMP-00263,2023-02-06,2023-02-17,Facebook,12111,128,22103,,False,FA,BlackFriday
263,CMP-00264,Q4_Launch_CMP-00264,2023-11-17,2023-12-07,TikTok,38504,910,115135,172.0,True,TI,Launch
264,CMP-00265,Q4_Launch_CMP-00265,2023-04-12,2023-05-09,Google Ads,2802,119,19092,11.0,True,GO,Launch
265,CMP-00266,Q2_BlackFriday_CMP-00266,2023-11-28,2023-12-23,Google Ads,9155,312,39604,58.0,False,GO,BlackFriday
266,CMP-00267,Q2_Winter_CMP-00267,2023-03-14,2023-03-16,Email,74656,1753,316313,345.0,False,EM,Winter
267,CMP-00268,Q3_Launch_CMP-00268,2023-03-26,2023-04-16,Email,40384,1866,206037,278.0,False,EM,Launch
268,CMP-00269,Q1_BlackFriday_CMP-00269,2023-10-19,2023-10-29,Instagram,48254,1973,385791,340.0,False,IN,BlackFriday
269,CMP-00270,Q2_Winter_CMP-00270,2023-08-28,2023-09-08,Email,22918,472,89608,76.0,True,EM,Winter
270,CMP-00271,Q4_Launch_CMP-00271,2023-05-20,2023-06-08,Instagram,86981,3114,502103,482.0,True,IN,Launch
271,CMP-00272,Q4_Launch_CMP-00272,2023-02-11,2023-03-08,TikTok,61713,2087,191821,200.0,True,TI,Launch
272,CMP-00273,Q3_BlackFriday_CMP-00273,2023-06-15,2023-07-04,TikTok,31306,815,56845,47.0,False,TI,BlackFriday
273,CMP-00274,Q1_Launch_CMP-00274,2023-04-28,2023-04-30,Instagram,17646,435,77519,44.0,True,IN,Launch
274,CMP-00275,Q4_Winter_CMP-00275,2023-10-22,2023-11-20,TikTok,47843,1135,84893,,False,TI,Winter
275,CMP-00276,Q3_BlackFriday_CMP-00276,2023-12-11,2023-12-28,Email,97601,3385,603001,221.0,False,EM,BlackFriday
276,CMP-00277,Q1_Launch_CMP-00277,2023-03-31,2023-04-02,Email,91735,2540,313981,131.0,True,EM,Launch
277,CMP-00278,Q2_Summer_CMP-00278,2023-05-23,2023-06-16,TikTok,17371,751,83349,53.0,True,TI,Summer
278,CMP-00279,Q3_Launch_CMP-00279,2023-11-22,2023-12-15,Facebook,78371,2882,534549,453.0,False,FA,Launch
279,CMP-00280,Q3_BlackFriday_CMP-00280,2023-08-29,2023-09-21,Email,3049,39,5483,7.0,True,E-,BlackFriday
280,CMP-00281,Q4_Summer_CMP-00281,2023-12-10,2024-01-09,Email,32616,1161,158467,229.0,True,EM,Summer
281,CMP-00282,Q1_Winter_CMP-00282,2023-07-30,2023-08-15,Facebook,21932,457,61153,56.0,False,FA,Winter
282,CMP-00283,Q3_Launch_CMP-00283,2023-07-25,2023-07-28,Instagram,30855,1040,109902,,False,IN,Launch
283,CMP-00284,Q2_BlackFriday_CMP-00284,2023-08-21,2023-09-20,Facebook,62434,2322,389739,372.0,False,INVALID,BlackFriday
284,CMP-00285,Q2_Summer_CMP-00285,2023-05-10,2023-05-13,,73694,1417,124582,177.0,True,XX,Summer
285,CMP-00286,Q2_BlackFriday_CMP-00286,2023-07-26,2023-07-31,Instagram,44016,1244,237398,,True,IN,BlackFriday
286,CMP-00287,Q3_Winter_CMP-00287,2023-01-01,2023-01-06,Instagram,8400,147,27062,10.0,True,IN,Winter
287,CMP-00288,Q3_Summer_CMP-00288,2023-07-31,2023-08-04,Facebook,43642,527,53028,100.0,True,INVALID,Summer
288,CMP-00289,Q1_BlackFriday_CMP-00289,2023-09-23,2023-10-10,Google Ads,16151,406,64724,41.0,False,INVALID,BlackFriday
289,CMP-00290,Q1_BlackFriday_CMP-00290,2023-11-17,2023-11-23,TikTok,52407,1284,174603,150.0,False,INVALID,BlackFriday
290,CMP-00291,Q2_Launch_CMP-00291,2023-05-17,2023-06-09,Email,67690,3372,339383,,False,E-,Launch
291,CMP-00292,Q3_Winter_CMP-00292,2023-08-13,2023-08-21,TikTok,5499,153,30337,15.0,True,TI,Winter
292,CMP-00293,Q1_Launch_CMP-00293,2023-01-15,2023-01-18,Instagram,7295,170,9144,14.0,True,IN,Launch
293,CMP-00294,Q3_Winter_CMP-00294,2023-05-03,2023-05-28,TikTok,60040,1994,175266,288.0,False,TI,Winter
294,CMP-00295,Q2_Summer_CMP-00295,2023-01-08,2023-08-13,Google Ads,13183,178,22786,9.0,False,GO,Summer
295,CMP-00296,Q3_Summer_CMP-00296,2023-02-28,2023-03-12,Facebook,30299,1468,188334,232.0,True,FA,Summer
296,CMP-00297,Q4_Launch_CMP-00297,2023-03-20,2023-03-31,Facebook,13874,491,67925,62.0,False,FA,Launch
297,CMP-00298,Q3_BlackFriday_CMP-00298,2023-09-18,2023-09-21,Google Ads,33711,1354,220365,190.0,True,GO,BlackFriday
298,CMP-00299,Q2_Winter_CMP-00299,2023-09-05,2023-09-19,,6539,109,15644,15.0,False,XX,Winter
299,CMP-00300,Q1_Launch_CMP-00300,2023-10-10,2023-10-21,Google Ads,54351,1433,20068,184.0,False,GO,Launch
300,CMP-00301,Q4_Summer_CMP-00301,2023-11-03,2023-11-28,Email,62267,1675,97196,230.0,True,EM,Summer
301,CMP-00302,Q3_Launch_CMP-00302,2023-02-05,2023-02-08,Instagram,49354,2115,225204,322.0,False,IN,Launch
302,CMP-00303,Q1_Summer_CMP-00303,2023-08-01,2023-08-17,Facebook,3557,35,2968,5.0,True,FA,Summer
303,CMP-00304,Q4_Winter_CMP-00304,2023-05-17,2023-06-16,Google Ads,39360,867,77861,137.0,True,GO,Winter
304,CMP-00305,Q3_Launch_CMP-00305,2023-06-02,2023-06-20,Facebook,83018,4088,54432,737.0,False,FA,Launch
305,CMP-00306,Q2_Summer_CMP-00306,2023-12-04,2023-12-06,Google Ads,3200,92,7353,7.0,True,GO,Summer
306,CMP-00307,Q3_Summer_CMP-00307,2023-10-03,2023-10-20,Facebook,69497,1758,165414,193.0,True,FA,Summer
307,CMP-00308,Q1_Launch_CMP-00308,2023-10-06,2023-10-20,TikTok,47975,709,60664,136.0,False,TI,Launch
308,CMP-00309,Q3_Winter_CMP-00309,2023-04-07,2023-04-28,Google Ads,22357,1094,210349,119.0,True,GO,Winter
309,CMP-00310,Q4_Summer_CMP-00310,2023-07-16,2023-08-11,Email,78505,847,16237,58.0,False,EM,Summer
310,CMP-00311,Q1_BlackFriday_CMP-00311,2023-01-23,2023-02-05,Email,3869,152,21507,19.0,False,EM,BlackFriday
311,CMP-00312,Q1_Summer_CMP-00312,2023-07-15,2023-08-07,Instagram,62135,2531,477545,168.0,True,IN,Summer
312,CMP-00313,Q4_Summer_CMP-00313,2023-11-30,2023-12-05,Google Ads,51108,1009,169383,81.0,False,GO,Summer
313,CMP-00314,Q4_BlackFriday_CMP-00314,2023-01-19,2023-02-06,Facebook,95179,3508,485831,700.0,False,FA,BlackFriday
314,CMP-00315,Q3_BlackFriday_CMP-00315,2023-06-19,2023-07-16,Email,91272,1251,63758,164.0,False,EM,BlackFriday
315,CMP-00316,Q3_Launch_CMP-00316,2023-08-14,2023-08-17,Instagram,39467,800,132702,,False,IN,Launch
316,CMP-00317,Q1_BlackFriday_CMP-00317,2023-08-22,2023-09-18,Instagram,24328,1010,156927,201.0,False,IN,BlackFriday
317,CMP-00318,Q4_Summer_CMP-00318,2023-03-15,2023-03-22,Google Ads,92412,4120,586227,803.0,True,GO,Summer
318,CMP-00319,Q4_BlackFriday_CMP-00319,2023-03-21,2023-04-05,TikTok,87831,3016,494816,350.0,False,TI,BlackFriday
319,CMP-00320,Q4_Launch_CMP-00320,2023-05-16,2023-05-22,Facebook,4987,150,19041,13.0,False,FA,Launch
320,CMP-00321,Q1_BlackFriday_CMP-00321,2023-11-29,2023-12-03,TikTok,59871,980,15250,172.0,False,TI,BlackFriday
321,CMP-00322,Q1_Summer_CMP-00322,2023-06-18,2023-07-13,Email,23399,293,55751,46.0,False,EM,Summer
322,CMP-00323,Q2_Summer_CMP-00323,2023-07-14,2023-08-13,,47214,694,73821,106.0,False,XX,Summer
323,CMP-00324,Q1_Winter_CMP-00324,2023-09-07,2023-10-07,Email,87416,1669,260728,307.0,True,EM,Winter
324,CMP-00325,Q1_BlackFriday_CMP-00325,2023-02-05,2023-02-14,TikTok,71271,1686,204601,258.0,True,TI,BlackFriday
325,CMP-00326,Q4_Winter_CMP-00326,2023-05-28,2023-06-05,Facebook,45064,1137,171869,105.0,True,FA,Winter
326,CMP-00327,Q2_Summer_CMP-00327,2023-08-11,2023-08-19,,71091,1695,278716,261.0,False,XX,Summer
327,CMP-00328,Q2_BlackFriday_CMP-00328,2023-12-27,2023-12-29,TikTok,41818,818,46477,78.0,False,TI,BlackFriday
328,CMP-00329,Q1_Summer_CMP-00329,2023-12-22,2024-01-12,Google Ads,46525,1413,207697,231.0,False,GO,Summer
329,CMP-00330,Q3_Summer_CMP-00330,2023-06-16,2023-07-08,Facebook,20830,895,7519,127.0,False,FA,Summer
330,CMP-00331,Q1_Summer_CMP-00331,2023-07-11,2023-07-29,Google Ads,18429,390,58697,24.0,False,GO,Summer
331,CMP-00332,Q3_Summer_CMP-00332,2023-07-30,2023-07-31,Instagram,7893,376,45214,47.0,False,IN,Summer
332,CMP-00333,Q3_BlackFriday_CMP-00333,2023-03-29,2023-03-31,Instagram,80909,3635,60353,368.0,False,IN,BlackFriday
333,CMP-00334,Q4_BlackFriday_CMP-00334,2023-07-15,2023-08-05,Facebook,48333,796,54534,79.0,True,FA,BlackFriday
334,CMP-00335,Q2_Winter_CMP-00335,2023-10-26,2023-11-22,Email,4436,183,26343,25.0,False,EM,Winter
335,CMP-00336,Q4_Summer_CMP-00336,2023-05-11,2023-06-03,TikTok,75290,2483,227866,244.0,True,TI,Summer
336,CMP-00337,Q2_BlackFriday_CMP-00337,2023-08-27,2023-09-04,TikTok,77213,2522,448783,419.0,False,TI,BlackFriday
337,CMP-00338,Q2_Launch_CMP-00338,2023-03-22,2023-04-07,Facebook,6895,176,33309,10.0,False,FA,Launch
338,CMP-00339,Q4_Summer_CMP-00339,2023-06-26,2023-06-28,Facebook,20738,623,124263,92.0,False,FA,Summer
339,CMP-00340,Q2_Launch_CMP-00340,2023-08-06,2023-08-08,Instagram,31746,821,139078,140.0,True,IN,Launch
340,CMP-00341,Q4_BlackFriday_CMP-00341,2023-06-04,2023-06-12,Email,50377,1591,259429,240.0,True,EM,BlackFriday
341,CMP-00342,Q3_Launch_CMP-00342,2023-09-05,2023-09-30,TikTok,49404,1734,142752,216.0,True,TI,Launch
342,CMP-00343,Q2_Summer_CMP-00343,2023-07-03,2023-07-11,Google Ads,55045,2035,204316,391.0,False,GO,Summer
343,CMP-00344,Q3_BlackFriday_CMP-00344,2023-01-06,2023-06-06,Email,98888,3095,370943,293.0,False,EM,BlackFriday
344,CMP-00345,Q1_BlackFriday_CMP-00345,2023-12-04,2024-01-03,TikTok,40790,1584,262955,83.0,False,TI,BlackFriday
345,CMP-00346,Q2_Winter_CMP-00346,2023-12-18,2023-12-23,Email,6600,103,19286,11.0,True,EM,Winter
346,CMP-00347,Q1_Summer_CMP-00347,2023-11-07,2023-12-07,Google Ads,95660,1767,138481,,False,GO,Summer
347,CMP-00348,Q4_Summer_CMP-00348,2023-05-27,2023-06-07,Google Ads,94179,4026,758318,777.0,False,GO,Summer
348,CMP-00349,Q2_Summer_CMP-00349,2023-06-30,2023-07-11,Google Ads,41764,956,147553,77.0,True,GO,Summer
349,CMP-00350,Q2_Launch_CMP-00350,2023-05-09,2023-05-22,Facebook,75543,824,116691,138.0,True,FA,Launch
350,CMP-00351,Q4_Winter_CMP-00351,2023-12-04,2023-12-29,Google Ads,46714,754,60302,125.0,False,GO,Winter
351,CMP-00352,Q4_Summer_CMP-00352,2023-02-19,2023-03-12,Instagram,57835,1095,6387,90.0,False,IN,Summer
352,CMP-00353,Q3_Winter_CMP-00353,2023-06-08,2023-08-28,,74744,3609,488188,516.0,False,XX,Winter
353,CMP-00354,Q3_BlackFriday_CMP-00354,2023-07-06,2023-08-05,Google Ads,57491,1892,27950,108.0,False,GO,BlackFriday
354,CMP-00355,Q4_Winter_CMP-00355,2023-06-01,2023-06-02,Instagram,19589,926,75578,113.0,True,IN,Winter
355,CMP-00356,Q1_Winter_CMP-00356,2023-04-13,2023-04-30,Instagram,44484,1468,195932,76.0,False,IN,Winter
356,CMP-00357,Q2_BlackFriday_CMP-00357,2023-07-07,2023-08-01,Facebook,83989,2450,437261,461.0,False,FA,BlackFriday
357,CMP-00358,Q4_Launch_CMP-00358,2023-03-26,2023-04-05,Google Ads,37212,839,147043,164.0,False,GO,Launch
358,CMP-00359,Q2_Launch_CMP-00359,2023-09-04,2023-09-20,TikTok,44525,1525,288382,127.0,True,TI,Launch
359,CMP-00360,Q2_Summer_CMP-00360,2023-06-23,2023-06-24,Instagram,48202,750,78662,60.0,True,IN,Summer
360,CMP-00361,Q3_Launch_CMP-00361,2023-02-08,2023-03-02,Facebook,33635,1544,15086,,False,INVALID,Launch
361,CMP-00362,Q2_BlackFriday_CMP-00362,2023-12-13,2024-01-05,Google Ads,64208,2772,450211,,False,GO,BlackFriday
362,CMP-00363,Q1_Winter_CMP-00363,2023-10-13,2023-11-05,TikTok,34828,790,90587,,False,TI,Winter
363,CMP-00364,Q4_Summer_CMP-00364,2023-01-08,2023-01-22,Instagram,19711,948,59849,129.0,True,IN,Summer
364,CMP-00365,Q1_Winter_CMP-00365,2023-07-08,2023-07-26,Facebook,4420,190,1756,19.0,False,FA,Winter
365,CMP-00366,Q1_Launch_CMP-00366,2023-10-27,2023-10-30,TikTok,97752,3582,404004,626.0,True,TI,Launch
366,CMP-00367,Q2_BlackFriday_CMP-00367,2023-07-10,2023-07-12,Instagram,1301,19,1784,2.0,False,IN,BlackFriday
367,CMP-00368,Q1_Launch_CMP-00368,2023-01-13,2023-01-20,Google Ads,46236,1346,134372,251.0,True,GO,Launch
368,CMP-00369,Q4_BlackFriday_CMP-00369,2023-06-17,2023-07-06,Email,67235,2033,191237,384.0,False,EM,BlackFriday
369,CMP-00370,Q3_Summer_CMP-00370,2023-02-02,2023-02-04,Google Ads,55240,1066,59936,79.0,True,GO,Summer
370,CMP-00371,Q1_BlackFriday_CMP-00371,2023-12-25,2024-01-01,Google Ads,66726,880,128097,44.0,False,GO,BlackFriday
371,CMP-00372,Q4_Winter_CMP-00372,2023-03-13,2023-03-21,Google Ads,11492,471,65749,93.0,False,GO,Winter
372,CMP-00373,Q2_Launch_CMP-00373,2023-01-20,2023-02-08,Email,7102,105,15541,19.0,False,INVALID,Launch
373,CMP-00374,Q4_BlackFriday_CMP-00374,2023-02-19,2023-03-07,Email,51336,1733,136641,101.0,False,EM,BlackFriday
374,CMP-00375,Q1_Launch_CMP-00375,2023-07-18,2023-07-19,,86314,4096,38645,716.0,False,XX,Launch
375,CMP-00376,Q3_BlackFriday_CMP-00376,2023-12-23,2024-01-04,Facebook,27641,1245,177963,147.0,True,FA,BlackFriday
376,CMP-00377,Q1_Summer_CMP-00377,2023-03-21,2023-04-13,Facebook,35584,751,105098,66.0,False,FA,Summer
377,CMP-00378,Q4_Launch_CMP-00378,2023-09-08,2023-09-11,Email,33745,1486,187161,270.0,True,EM,Launch
378,CMP-00379,Q2_BlackFriday_CMP-00379,2023-05-24,2023-06-12,Facebook,24093,241,24717,19.0,False,FA,BlackFriday
379,CMP-00380,Q2_Launch_CMP-00380,2023-07-09,2023-08-07,Instagram,67105,718,134223,137.0,False,INVALID,Launch
380,CMP-00381,Q2_BlackFriday_CMP-00381,2023-05-01,2023-05-31,Facebook,52885,1803,182041,145.0,False,FA,BlackFriday
381,CMP-00382,Q4_Launch_CMP-00382,2023-12-18,2024-01-04,,37631,925,109467,,True,XX,Launch
382,CMP-00383,Q1_Summer_CMP-00383,2023-11-27,2023-12-26,Email,73991,1883,285683,157.0,False,EM,Summer
383,CMP-00384,Q2_Summer_CMP-00384,2023-04-08,2023-05-05,,5014,163,21427,21.0,False,XX,Summer
384,CMP-00385,Q2_Summer_CMP-00385,2023-08-21,2023-08-27,Facebook,12093,213,21733,,True,FA,Summer
385,CMP-00386,Q1_Summer_CMP-00386,2023-04-19,2023-05-02,TikTok,19070,352,40602,27.0,False,TI,Summer
386,CMP-00387,Q3_Winter_CMP-00387,2023-11-01,2023-12-01,Facebook,36777,1080,182706,138.0,False,FA,Winter
387,CMP-00388,Q1_Summer_CMP-00388,2023-06-20,2023-06-25,TikTok,57958,2328,213523,280.0,True,TI,Summer
388,CMP-00389,Q3_Winter_CMP-00389,2023-10-17,2023-11-04,Google Ads,83074,2889,206096,175.0,False,GO,Winter
389,CMP-00390,Q4_Launch_CMP-00390,2023-10-11,2023-10-12,Email,11729,256,24825,44.0,True,INVALID,Launch
390,CMP-00391,Q4_Summer_CMP-00391,2023-04-30,2023-05-30,Google Ads,46017,1252,222143,125.0,True,GO,Summer
391,CMP-00392,Q2_BlackFriday_CMP-00392,2023-02-11,2023-11-23,TikTok,67320,1132,7171,154.0,False,TI,BlackFriday
392,CMP-00393,Q4_Winter_CMP-00393,2023-03-16,2023-04-09,Google Ads,28751,373,74135,47.0,True,GO,Winter
393,CMP-00394,Q2_Winter_CMP-00394,2023-03-31,2023-04-20,Google Ads,79069,3266,428337,414.0,False,GO,Winter
394,CMP-00395,Q3_BlackFriday_CMP-00395,2023-09-03,2023-10-03,TikTok,55748,1149,227188,75.0,False,TI,BlackFriday
395,CMP-00396,Q3_Summer_CMP-00396,2023-05-02,2023-06-01,Facebook,6801,116,22139,13.0,True,INVALID,Summer
396,CMP-00397,Q1_Winter_CMP-00397,2023-05-16,2023-06-03,TikTok,20190,760,89621,89.0,False,TI,Winter
397,CMP-00398,Q4_BlackFriday_CMP-00398,2023-08-04,2023-08-16,TikTok,50689,1760,140402,,False,TI,BlackFriday
398,CMP-00399,Q2_Winter_CMP-00399,2023-09-01,2023-09-18,Google Ads,51993,1836,137209,323.0,True,GO,Winter
399,CMP-00400,Q3_Summer_CMP-00400,2023-10-31,2023-11-13,TikTok,30592,586,50395,77.0,True,TI,Summer
400,CMP-00401,Q2_Winter_CMP-00401,2023-11-11,2023-11-17,TikTok,11647,224,3506,14.0,False,TI,Winter
401,CMP-00402,Q3_Launch_CMP-00402,2023-12-04,2023-12-31,Email,9716,182,16552,,False,EM,Launch
402,CMP-00403,Q2_Summer_CMP-00403,2023-01-16,2023-01-23,Instagram,89891,1523,154149,113.0,True,IN,Summer
403,CMP-00404,Q4_Launch_CMP-00404,2023-09-03,2023-09-28,,88545,3207,376235,,True,INVALID,Launch
404,CMP-00405,Q3_Summer_CMP-00405,2023-02-25,2023-03-17,Email,90912,3992,746444,418.0,True,EM,Summer
405,CMP-00406,Q2_BlackFriday_CMP-00406,2023-02-07,2023-02-16,Facebook,71316,2779,217899,234.0,False,FA,BlackFriday
406,CMP-00407,Q1_Winter_CMP-00407,2023-03-17,2023-03-28,Email,3368,140,7106,11.0,False,EM,Winter
407,CMP-00408,Q1_BlackFriday_CMP-00408,2023-05-21,2023-05-28,Facebook,78575,2058,-121452,119.0,False,FA,BlackFriday
408,CMP-00409,Q4_Summer_CMP-00409,2023-12-31,2024-01-11,Google Ads,7655,276,51257,14.0,True,GO,Summer
409,CMP-00410,Q4_Winter_CMP-00410,2023-09-29,2023-10-28,Email,71031,1716,252471,112.0,True,EM,Winter
410,CMP-00411,Q4_Summer_CMP-00411,2023-09-08,2023-10-08,Email,77429,2401,218386,182.0,False,INVALID,Summer
411,CMP-00412,Q1_Summer_CMP-00412,2023-12-26,2024-01-08,Instagram,92083,2694,206303,308.0,False,IN,Summer
412,CMP-00413,Q3_Winter_CMP-00413,2023-10-10,2023-10-14,TikTok,88922,1518,142905,,False,TI,Winter
413,CMP-00414,Q2_Winter_CMP-00414,2023-08-20,2023-09-10,TikTok,56766,1446,97199,102.0,False,TI,Winter
414,CMP-00415,Q1_Summer_CMP-00415,2023-08-21,2023-08-31,Google Ads,14403,699,13367,79.0,True,GO,Summer
415,CMP-00416,Q3_BlackFriday_CMP-00416,2023-06-10,2023-06-25,Google Ads,33097,660,110636,66.0,True,GO,BlackFriday
416,CMP-00417,Q4_Launch_CMP-00417,2023-07-11,2023-07-12,TikTok,79657,1222,145856,94.0,True,TI,Launch
417,CMP-00418,Q3_BlackFriday_CMP-00418,2023-08-31,2023-09-15,Facebook,11966,320,57518,16.0,False,FA,BlackFriday
418,CMP-00419,Q4_BlackFriday_CMP-00419,2023-02-13,2023-03-05,Google Ads,94848,3946,344954,473.0,False,GO,BlackFriday
419,CMP-00420,Q3_Launch_CMP-00420,2023-02-19,2023-03-12,TikTok,53921,1794,282677,274.0,True,TI,Launch
420,CMP-00421,Q1_BlackFriday_CMP-00421,2023-03-08,2023-03-30,Google Ads,50726,1888,336857,158.0,False,GO,BlackFriday
421,CMP-00422,Q3_BlackFriday_CMP-00422,2023-10-15,2023-11-01,TikTok,51300,902,93371,62.0,False,TI,BlackFriday
422,CMP-00423,Q4_Summer_CMP-00423,2023-07-30,2023-08-24,Insta_gram,23677,822,134495,,True,IN,Summer
423,CMP-00424,Q3_Summer_CMP-00424,2023-08-05,2023-08-18,Google Ads,56609,1298,122351,118.0,True,GO,Summer
424,CMP-00425,Q2_Launch_CMP-00425,2023-05-28,2023-06-04,Facebook,97825,4242,402263,354.0,True,FA,Launch
425,CMP-00426,Q2_Winter_CMP-00426,2023-10-23,2023-10-29,Google Ads,57661,2028,133967,362.0,False,GO,Winter
426,CMP-00427,Q3_Launch_CMP-00427,2023-09-04,2023-09-08,Email,32024,574,66589,99.0,False,INVALID,Launch
427,CMP-00428,Q1_Winter_CMP-00428,2023-10-12,2023-10-14,Google Ads,71313,897,143033,105.0,False,GO,Winter
428,CMP-00429,Q4_BlackFriday_CMP-00429,2023-10-21,2023-11-03,TikTok,54006,632,120733,77.0,False,INVALID,BlackFriday
429,CMP-00430,Q2_Summer_CMP-00430,2023-10-15,2023-11-10,Facebook,96285,2393,336383,197.0,True,FA,Summer
430,CMP-00431,Q2_Launch_CMP-00431,2023-11-11,2023-11-15,Email,16338,337,60482,20.0,True,E-,Launch
431,CMP-00432,Q1_BlackFriday_CMP-00432,2023-11-08,2023-12-02,Google Ads,69027,2474,428928,336.0,True,GO,BlackFriday
432,CMP-00433,Q4_Winter_CMP-00433,2023-05-17,2023-06-16,Facebook,93772,2810,213564,181.0,True,FA,Winter
433,CMP-00434,Q3_BlackFriday_CMP-00434,2023-05-20,2023-06-17,TikTok,81135,1674,205689,196.0,True,TI,BlackFriday
434,CMP-00435,Q3_Launch_CMP-00435,2023-06-23,2023-06-30,Instagram,20508,327,22085,62.0,True,IN,Launch
435,CMP-00436,Q4_BlackFriday_CMP-00436,2023-03-15,2023-03-22,Facebook,4051,61,9292,11.0,True,FA,BlackFriday
436,CMP-00437,Q3_Winter_CMP-00437,2023-03-14,2023-04-08,TikTok,49747,2218,426932,190.0,False,TI,Winter
437,CMP-00438,Q1_BlackFriday_CMP-00438,2023-02-16,2023-03-07,,88142,1739,12271,249.0,True,XX,BlackFriday
438,CMP-00439,Q1_Launch_CMP-00439,2023-08-03,2023-08-27,Google Ads,88235,3182,509382,385.0,True,GO,Launch
439,CMP-00440,Q4_BlackFriday_CMP-00440,2023-06-09,2023-07-03,Facebook,55021,2334,338047,423.0,False,FA,BlackFriday
440,CMP-00441,Q3_Summer_CMP-00441,2023-10-18,2023-10-28,Instagram,67412,2329,320332,211.0,False,IN,Summer
441,CMP-00442,Q1_Launch_CMP-00442,2023-03-21,2023-04-17,Email,59335,2633,285728,133.0,False,EM,Launch
442,CMP-00443,Q2_Launch_CMP-00443,2023-12-12,2024-01-04,Email,57179,1469,151703,109.0,False,EM,Launch
443,CMP-00444,Q2_BlackFriday_CMP-00444,2023-08-15,2023-09-06,Google Ads,33093,1596,90633,163.0,True,GO,BlackFriday
444,CMP-00445,Q2_BlackFriday_CMP-00445,2023-08-15,2023-08-22,Google Ads,70678,1083,89549,105.0,False,GO,BlackFriday
445,CMP-00446,Q4_BlackFriday_CMP-00446,2023-09-20,2023-10-19,Google Ads,81738,1151,6017,194.0,True,INVALID,BlackFriday
446,CMP-00447,Q1_BlackFriday_CMP-00447,2023-05-26,2023-06-14,Email,40734,1480,203075,225.0,False,EM,BlackFriday
447,CMP-00448,Q1_Launch_CMP-00448,2023-09-27,2023-10-24,,73615,3512,231363,,True,XX,Launch
448,CMP-00449,Q1_Winter_CMP-00449,2023-07-22,2023-08-01,Email,74523,3156,571087,374.0,False,EM,Winter
449,CMP-00450,Q3_Summer_CMP-00450,2023-04-15,2023-04-27,TikTok,95476,1246,160075,80.0,True,TI,Summer
450,CMP-00451,Q1_Launch_CMP-00451,2023-03-12,2023-03-27,,18019,381,59037,70.0,True,XX,Launch
451,CMP-00452,Q3_Summer_CMP-00452,2023-03-03,2023-03-05,Instagram,84613,3994,445844,760.0,False,IN,Summer
452,CMP-00453,Q4_BlackFriday_CMP-00453,2023-08-09,2023-08-30,Instagram,92794,1867,25034,367.0,False,IN,BlackFriday
453,CMP-00454,Q1_Summer_CMP-00454,2023-12-27,2024-01-17,Email,87672,3616,692098,651.0,True,EM,Summer
454,CMP-00455,Q3_Winter_CMP-00455,2023-12-09,2024-01-08,Email,74847,3218,200836,244.0,False,EM,Winter
455,CMP-00456,Q3_BlackFriday_CMP-00456,2023-01-22,2023-02-10,Email,83750,2497,219962,142.0,False,EM,BlackFriday
456,CMP-00457,Q2_Summer_CMP-00457,2023-02-09,2023-03-10,Facebook,80634,2052,34268,280.0,False,FA,Summer
457,CMP-00458,Q3_Winter_CMP-00458,2023-10-21,2023-11-19,Facebook,29251,819,5308,153.0,True,FA,Winter
458,CMP-00459,Q2_Launch_CMP-00459,2023-05-29,2023-06-25,Instagram,26945,514,31533,39.0,True,IN,Launch
459,CMP-00460,Q1_BlackFriday_CMP-00460,2023-06-16,2023-06-25,TikTok,91852,4186,436312,,False,TI,BlackFriday
460,CMP-00461,Q2_Summer_CMP-00461,2023-08-24,2023-08-31,,33217,930,59357,158.0,False,XX,Summer
461,CMP-00462,Q4_BlackFriday_CMP-00462,2023-02-15,2023-03-04,TikTok,9308,421,57998,25.0,False,TI,BlackFriday
462,CMP-00463,Q2_Launch_CMP-00463,2023-08-12,2023-08-13,Email,6949,98,8226,10.0,False,EM,Launch
463,CMP-00464,Q4_Launch_CMP-00464,2023-07-22,2023-08-01,Google Ads,52990,2624,483747,398.0,True,GO,Launch
464,CMP-00465,Q1_BlackFriday_CMP-00465,2023-04-24,2023-04-25,Google Ads,2150,59,9884,5.0,False,GO,BlackFriday
465,CMP-00466,Q3_BlackFriday_CMP-00466,2023-09-19,2023-09-26,Facebook,90480,1077,166887,67.0,True,FA,BlackFriday
466,CMP-00467,Q2_Launch_CMP-00467,2023-04-10,2023-05-10,,75740,872,124296,144.0,True,XX,Launch
467,CMP-00468,Q3_Winter_CMP-00468,2023-11-27,2023-12-03,Google Ads,67617,2694,483627,389.0,False,GO,Winter
468,CMP-00469,Q2_BlackFriday_CMP-00469,2023-03-16,2023-04-13,Instagram,95841,3484,290772,690.0,False,IN,BlackFriday
469,CMP-00470,Q2_Launch_CMP-00470,2023-03-20,2023-03-31,TikTok,17896,753,136268,76.0,False,TI,Launch
470,CMP-00471,Q2_BlackFriday_CMP-00471,2023-04-01,2023-04-08,Facebook,47175,670,112844,39.0,True,FA,BlackFriday
471,CMP-00472,Q3_Summer_CMP-00472,2023-08-26,2023-09-11,TikTok,8805,100,16222,16.0,False,TI,Summer
472,CMP-00473,Q3_Launch_CMP-00473,2023-08-18,2023-09-11,Facebook,6237,189,25362,24.0,True,FA,Launch
473,CMP-00474,Q2_Launch_CMP-00474,2023-11-26,2023-12-09,Facebook,21056,537,46685,44.0,False,FA,Launch
474,CMP-00475,Q4_Summer_CMP-00475,2023-11-18,2023-12-12,Email,46543,1325,15043,221.0,False,EM,Summer
475,CMP-00476,Q2_Launch_CMP-00476,2023-08-29,2023-09-09,TikTok,57556,2858,483104,230.0,True,TI,Launch
476,CMP-00477,Q3_BlackFriday_CMP-00477,2023-05-21,2023-06-05,Google Ads,4343,212,11611,,False,GO,BlackFriday
477,CMP-00478,Q4_BlackFriday_CMP-00478,2023-02-07,2023-02-20,Google Ads,14500,691,11561,44.0,False,GO,BlackFriday
478,CMP-00479,Q4_Launch_CMP-00479,2023-01-30,2023-02-19,,54222,2242,192836,246.0,False,XX,Launch
479,CMP-00480,Q4_Launch_CMP-00480,2023-11-27,2023-12-22,Email,30375,734,52588,82.0,False,EM,Launch
480,CMP-00481,Q4_Summer_CMP-00481,2023-11-11,2023-11-17,Instagram,10662,282,18994,35.0,True,IN,Summer
481,CMP-00482,Q1_Launch_CMP-00482,2023-10-25,2023-11-24,Google Ads,17964,574,31046,89.0,False,GO,Launch
482,CMP-00483,Q1_Winter_CMP-00483,2023-01-22,2023-02-07,Instagram,60638,2620,336769,487.0,False,IN,Winter
483,CMP-00484,Q3_Winter_CMP-00484,2023-11-30,2023-12-16,Google Ads,74666,951,78685,67.0,False,GO,Winter
484,CMP-00485,Q3_Winter_CMP-00485,2023-09-14,2023-10-02,Google Ads,86067,2321,460521,134.0,False,GO,Winter
485,CMP-00486,Q3_Summer_CMP-00486,2023-02-22,2023-03-14,Email,68215,907,123502,,False,EM,Summer
486,CMP-00487,Q4_Winter_CMP-00487,2024-01-01,2024-01-11,,70042,2142,151403,153.0,False,XX,Winter
487,CMP-00488,Q4_Summer_CMP-00488,2023-11-27,2023-12-23,Email,14284,656,100574,97.0,False,EM,Summer
488,CMP-00489,Q4_Launch_CMP-00489,2023-08-13,2023-09-04,Email,73789,3047,562664,484.0,False,EM,Launch
489,CMP-00490,Q1_Summer_CMP-00490,2023-11-09,2023-12-07,Email,85664,1637,264829,274.0,True,EM,Summer
490,CMP-00491,Q1_BlackFriday_CMP-00491,2023-05-25,2023-06-02,,94468,4632,28471,400.0,True,XX,BlackFriday
491,CMP-00492,Q1_BlackFriday_CMP-00492,2023-12-14,2023-12-17,Instagram,62389,2289,422052,219.0,False,IN,BlackFriday
492,CMP-00493,Q1_BlackFriday_CMP-00493,2023-11-28,2023-12-18,Email,10435,108,18262,13.0,False,E-,BlackFriday
493,CMP-00494,Q4_BlackFriday_CMP-00494,2023-10-13,2023-10-17,Facebook,55340,1118,82448,66.0,False,FA,BlackFriday
494,CMP-00495,Q1_Summer_CMP-00495,2023-12-03,2024-01-01,Email,45078,920,53146,130.0,False,EM,Summer
495,CMP-00496,Q1_Winter_CMP-00496,2023-03-18,2023-03-19,TikTok,79832,1019,136135,201.0,True,TI,Winter
496,CMP-00497,Q2_Launch_CMP-00497,2023-03-14,2023-04-11,,52293,2530,185716,263.0,True,XX,Launch
497,CMP-00498,Q2_Winter_CMP-00498,2023-12-02,2023-12-03,Facebook,96981,2825,494908,460.0,True,FA,Winter
498,CMP-00499,Q2_BlackFriday_CMP-00499,2023-11-01,2023-12-01,Google Ads,79781,3656,379311,,True,GO,BlackFriday
499,CMP-00500,Q3_Summer_CMP-00500,2023-10-14,2023-10-16,TikTok,61403,1405,262642,97.0,False,TI,Summer
500,CMP-00501,Q4_Winter_CMP-00501,2023-03-07,2023-04-04,Instagram,30124,452,60954,62.0,True,IN,Winter
501,CMP-00502,Q1_Summer_CMP-00502,2023-12-17,2023-12-18,Google Ads,96435,2794,216258,265.0,True,GO,Summer
502,CMP-00503,Q1_Winter_CMP-00503,2023-12-10,2023-12-19,Facebook,44919,653,46324,,False,FA,Winter
503,CMP-00504,Q1_Summer_CMP-00504,2023-07-05,2023-08-04,TikTok,36247,1067,145614,154.0,True,TI,Summer
504,CMP-00505,Q2_Winter_CMP-00505,2023-06-24,2023-06-25,Google Ads,95758,4482,736314,801.0,True,GO,Winter
505,CMP-00506,Q1_Launch_CMP-00506,2023-04-26,2023-05-06,Facebook,92747,2859,478099,,True,FA,Launch
506,CMP-00507,Q1_Launch_CMP-00507,2023-06-01,2023-06-16,TikTok,63752,2209,201822,239.0,False,TI,Launch
507,CMP-00508,Q4_Summer_CMP-00508,2023-10-04,2023-10-17,Google Ads,57573,936,75476,,True,GO,Summer
508,CMP-00509,Q1_BlackFriday_CMP-00509,2023-01-20,2023-02-13,Google Ads,60101,706,37074,121.0,True,GO,BlackFriday
509,CMP-00510,Q4_Launch_CMP-00510,2023-11-13,2023-12-02,TikTok,27646,398,60448,62.0,False,TI,Launch
510,CMP-00511,Q2_Winter_CMP-00511,2023-03-25,2023-03-31,TikTok,24049,816,50172,71.0,False,TI,Winter
511,CMP-00512,Q3_Launch_CMP-00512,2023-11-16,2023-11-20,TikTok,80605,1112,125783,207.0,False,TI,Launch
512,CMP-00513,Q1_Launch_CMP-00513,2023-08-13,2023-08-15,Facebook,99116,2481,347966,181.0,False,FA,Launch
513,CMP-00514,Q2_Summer_CMP-00514,2023-07-06,2023-07-18,TikTok,98379,3148,599903,,True,TI,Summer
514,CMP-00515,Q2_Winter_CMP-00515,2023-08-16,2023-08-23,Google Ads,69385,1772,171477,96.0,False,GO,Winter
515,CMP-00516,Q2_Winter_CMP-00516,2023-08-18,2023-09-08,TikTok,41158,681,59564,,False,TI,Winter
516,CMP-00517,Q2_Launch_CMP-00517,2023-08-29,2023-09-05,TikTok,66417,1391,206041,127.0,False,TI,Launch
517,CMP-00518,Q4_BlackFriday_CMP-00518,2023-12-14,2023-12-28,Facebook,24289,1144,163461,134.0,False,FA,BlackFriday
518,CMP-00519,Q3_Summer_CMP-00519,2023-08-25,2023-09-18,TikTok,10823,400,39927,40.0,True,TI,Summer
519,CMP-00520,Q4_BlackFriday_CMP-00520,2023-09-15,2023-10-14,Email,61160,1825,345318,,False,EM,BlackFriday
520,CMP-00521,Q3_Launch_CMP-00521,2023-04-13,2023-04-25,Instagram,42975,451,79705,,True,IN,Launch
521,CMP-00522,Q4_Summer_CMP-00522,2023-09-05,2023-10-05,Instagram,10540,523,43721,95.0,True,IN,Summer
522,CMP-00523,Q4_Launch_CMP-00523,2023-09-04,2023-09-13,Email,17364,640,54958,124.0,True,EM,Launch
523,CMP-00524,Q4_Winter_CMP-00524,2023-02-22,2023-03-08,TikTok,5611,127,16109,10.0,False,TI,Winter
524,CMP-00525,Q1_BlackFriday_CMP-00525,2023-03-05,2023-03-26,TikTok,28663,1294,21485,203.0,False,TI,BlackFriday
525,CMP-00526,Q4_Summer_CMP-00526,2023-05-20,2023-05-21,Google Ads,52991,1077,60965,161.0,False,GO,Summer
526,CMP-00527,Q4_Summer_CMP-00527,2023-12-08,2024-01-07,Email,58679,1863,286903,189.0,True,EM,Summer
527,CMP-00528,Q3_Summer_CMP-00528,2023-04-24,2023-05-19,TikTok,31977,1133,166818,59.0,True,TI,Summer
528,CMP-00529,Q4_Summer_CMP-00529,2023-01-14,2023-01-16,Email,95704,1803,152754,276.0,False,EM,Summer
529,CMP-00530,Q3_Winter_CMP-00530,2023-07-11,2023-08-09,TikTok,50115,2462,374724,472.0,True,TI,Winter
530,CMP-00531,Q4_Launch_CMP-00531,2023-07-11,2023-07-15,Instagram,92007,3673,701644,531.0,False,IN,Launch
531,CMP-00532,Q3_Summer_CMP-00532,2023-02-20,2023-03-02,Facebook,89223,2883,164383,332.0,False,FA,Summer
532,CMP-00533,Q2_BlackFriday_CMP-00533,2023-03-16,2023-03-21,TikTok,61890,1065,104314,137.0,False,TI,BlackFriday
533,CMP-00534,Q2_BlackFriday_CMP-00534,2023-08-30,2023-09-08,Insta_gram,67387,819,9478,65.0,False,IN,BlackFriday
534,CMP-00535,Q4_Summer_CMP-00535,2023-12-28,2024-01-12,Facebook,19071,434,80242,70.0,True,FA,Summer
535,CMP-00536,Q2_Winter_CMP-00536,2023-10-02,2023-11-01,TikTok,60275,2418,469912,391.0,True,TI,Winter
536,CMP-00537,Q3_BlackFriday_CMP-00537,2023-04-21,2023-05-21,Instagram,73369,1524,177725,,False,IN,BlackFriday
537,CMP-00538,Q4_Winter_CMP-00538,2023-11-08,2023-12-07,Google Ads,12938,408,66302,74.0,True,GO,Winter
538,CMP-00539,Q3_BlackFriday_CMP-00539,2023-05-28,2023-06-23,Email,36195,1415,183595,127.0,False,EM,BlackFriday
539,CMP-00540,Q4_Summer_CMP-00540,2023-05-03,2023-06-02,Facebook,92680,1326,173265,261.0,False,FA,Summer
540,CMP-00541,Q4_Launch_CMP-00541,2023-08-23,2023-08-30,Email,5000,187,17151,20.0,False,EM,Launch
541,CMP-00542,Q4_Winter_CMP-00542,2023-09-13,2023-09-17,TikTok,71588,978,80727,74.0,True,TI,Winter
542,CMP-00543,Q3_Winter_CMP-00543,2023-09-21,2023-10-21,TikTok,94610,4598,428537,472.0,False,TI,Winter
543,CMP-00544,Q3_BlackFriday_CMP-00544,2023-05-30,2023-06-20,Google Ads,98856,2919,389538,338.0,False,GO,BlackFriday
544,CMP-00545,Q4_Summer_CMP-00545,2023-05-04,2023-05-28,Email,39304,629,34201,37.0,False,EM,Summer
545,CMP-00546,Q1_Summer_CMP-00546,2023-09-12,2023-12-31,Facebook,70449,1669,31058,228.0,True,FA,Summer
546,CMP-00547,Q2_Winter_CMP-00547,2023-04-07,2023-07-30,Facebook,83986,2228,16363,311.0,True,FA,Winter
547,CMP-00548,Q1_Summer_CMP-00548,2023-09-27,2023-09-28,Google Ads,90643,3655,303414,587.0,False,GO,Summer
548,CMP-00549,Q4_Launch_CMP-00549,2023-09-17,2023-10-16,TikTok,21764,864,110369,46.0,False,TI,Launch
549,CMP-00550,Q3_Winter_CMP-00550,2023-08-29,2023-09-28,Facebook,87027,3000,469552,393.0,False,FA,Winter
550,CMP-00551,Q2_Summer_CMP-00551,2023-07-18,2023-08-17,Google Ads,39494,562,3617,32.0,False,GO,Summer
551,CMP-00552,Q2_Launch_CMP-00552,2023-01-09,2023-09-17,Instagram,4373,70,6836,10.0,True,IN,Launch
552,CMP-00553,Q4_Summer_CMP-00553,2023-05-04,2023-05-10,Instagram,13161,180,35154,10.0,False,IN,Summer
553,CMP-00554,Q1_BlackFriday_CMP-00554,2023-10-25,2023-10-26,TikTok,98532,3260,291286,608.0,False,TI,BlackFriday
554,CMP-00555,Q1_Summer_CMP-00555,2023-01-23,2023-01-27,Facebook,93658,4222,409355,655.0,True,FA,Summer
555,CMP-00556,Q1_Launch_CMP-00556,2023-11-26,2023-11-29,,28350,775,135993,,False,XX,Launch
556,CMP-00557,Q3_Summer_CMP-00557,2023-08-26,2023-09-19,Email,94008,1544,8883,179.0,False,EM,Summer
557,CMP-00558,Q2_BlackFriday_CMP-00558,2023-04-04,2023-04-12,TikTok,95297,3080,368651,214.0,True,TI,BlackFriday
558,CMP-00559,Q1_Launch_CMP-00559,2023-08-23,2023-09-07,Instagram,26351,1119,119669,,True,IN,Launch
559,CMP-00560,Q4_Winter_CMP-00560,2023-04-14,2023-05-12,TikTok,89668,3556,346667,641.0,False,TI,Winter
560,CMP-00561,Q2_Winter_CMP-00561,2023-04-13,2023-05-12,Email,16305,737,68434,136.0,True,EM,Winter
561,CMP-00562,Q3_Launch_CMP-00562,2023-06-08,2023-06-27,Email,76353,1612,102694,80.0,True,EM,Launch
562,CMP-00563,Q4_BlackFriday_CMP-00563,2023-10-06,2023-11-05,,77797,1381,134266,192.0,True,XX,BlackFriday
563,CMP-00564,Q2_Winter_CMP-00564,2023-11-28,2023-12-16,Facebook,66953,3025,170785,477.0,False,FA,Winter
564,CMP-00565,Q2_Launch_CMP-00565,2023-01-25,2023-02-03,Instagram,58458,2122,354681,303.0,False,IN,Launch
565,CMP-00566,Q2_Summer_CMP-00566,2023-03-05,2023-03-14,Google Ads,21358,479,52563,29.0,True,GO,Summer
566,CMP-00567,Q1_Summer_CMP-00567,2023-07-24,2023-07-25,,4267,169,19703,13.0,True,XX,Summer
567,CMP-00568,Q2_Summer_CMP-00568,2023-07-17,2023-08-09,Google Ads,83745,3567,656468,312.0,True,INVALID,Summer
568,CMP-00569,Q2_Summer_CMP-00569,2023-12-21,2024-01-09,TikTok,90588,3134,466052,547.0,True,TI,Summer
569,CMP-00570,Q3_Launch_CMP-00570,2023-09-23,2023-10-09,Google Ads,39513,1482,75892,177.0,False,GO,Launch
570,CMP-00571,Q1_BlackFriday_CMP-00571,2023-06-08,2023-08-09,Facebook,27092,677,129629,83.0,True,FA,BlackFriday
571,CMP-00572,Q2_Launch_CMP-00572,2023-11-05,2023-11-29,Instagram,12338,389,33287,74.0,False,IN,Launch
572,CMP-00573,Q2_Winter_CMP-00573,2023-05-31,2023-06-23,Google Ads,1412,43,2844,6.0,True,INVALID,Winter
573,CMP-00574,Q4_BlackFriday_CMP-00574,2023-12-05,2023-12-10,,8543,375,61957,69.0,False,XX,BlackFriday
574,CMP-00575,Q3_Winter_CMP-00575,2023-08-07,2023-08-14,Facebook,34496,1503,187983,178.0,False,FA,Winter
575,CMP-00576,Q1_Launch_CMP-00576,2023-08-17,2023-08-20,Facebook,61692,2671,30734,193.0,False,FA,Launch
576,CMP-00577,Q4_Launch_CMP-00577,2023-06-30,2023-07-13,Facebook,90084,940,-8218,178.0,False,FA,Launch
577,CMP-00578,Q1_Summer_CMP-00578,2023-11-24,2023-12-16,TikTok,93920,3755,496113,446.0,True,TI,Summer
578,CMP-00579,Q2_BlackFriday_CMP-00579,2023-02-08,2023-02-21,TikTok,45425,1832,167001,141.0,True,TI,BlackFriday
579,CMP-00580,Q1_Summer_CMP-00580,2023-09-20,2023-09-21,TikTok,39756,1476,27341,140.0,False,TI,Summer
580,CMP-00581,Q4_Winter_CMP-00581,2023-01-16,2023-01-18,Google Ads,19888,800,65825,46.0,False,GO,Winter
581,CMP-00582,Q1_BlackFriday_CMP-00582,2023-08-13,2023-08-29,TikTok,36735,1604,292976,192.0,False,TI,BlackFriday
582,CMP-00583,Q1_Winter_CMP-00583,2023-02-04,2023-02-18,Facebook,48295,1391,18627,247.0,False,FA,Winter
583,CMP-00584,Q3_BlackFriday_CMP-00584,2023-07-05,2023-08-01,Facebook,84042,2528,440563,,False,FA,BlackFriday
584,CMP-00585,Q4_BlackFriday_CMP-00585,2023-11-06,2023-11-21,Instagram,86999,1303,204476,247.0,True,IN,BlackFriday
585,CMP-00586,Q1_Winter_CMP-00586,2023-07-09,2023-07-23,Email,18955,481,74317,33.0,True,EM,Winter
586,CMP-00587,Q3_Summer_CMP-00587,2023-10-21,2023-10-27,Google Ads,38841,1387,13683,148.0,False,GO,Summer
587,CMP-00588,Q2_BlackFriday_CMP-00588,2023-06-10,2023-06-11,Google Ads,71640,2952,25117,,False,GO,BlackFriday
588,CMP-00589,Q4_Summer_CMP-00589,2023-02-28,2023-03-19,TikTok,66510,1242,101388,221.0,True,TI,Summer
589,CMP-00590,Q1_Launch_CMP-00590,2023-04-06,2023-05-05,Facebook,35911,557,99468,57.0,False,FA,Launch
590,CMP-00591,Q3_Summer_CMP-00591,2023-10-15,2023-10-17,,60031,2192,379356,317.0,True,INVALID,Summer
591,CMP-00592,Q1_BlackFriday_CMP-00592,2023-12-27,2024-01-18,Google Ads,89726,904,104942,142.0,True,GO,BlackFriday
592,CMP-00593,Q4_BlackFriday_CMP-00593,2023-05-27,2023-05-30,Email,8357,143,999,16.0,True,EM,BlackFriday
593,CMP-00594,Q2_BlackFriday_CMP-00594,2023-04-13,2023-05-08,Instagram,33479,373,40037,35.0,False,IN,BlackFriday
594,CMP-00595,Q1_Winter_CMP-00595,2023-08-20,2023-09-18,Facebook,62476,1041,14876,202.0,False,FA,Winter
595,CMP-00596,Q2_BlackFriday_CMP-00596,2023-02-14,2023-02-23,Email,45811,790,93347,153.0,True,EM,BlackFriday
596,CMP-00597,Q1_Winter_CMP-00597,2023-06-13,2023-07-06,Google Ads,37208,949,15851,88.0,False,GO,Winter
597,CMP-00598,Q4_Summer_CMP-00598,2023-10-09,2023-10-19,Email,21150,551,110004,67.0,True,EM,Summer
598,CMP-00599,Q1_BlackFriday_CMP-00599,2023-03-22,2023-04-15,TikTok,72180,3245,255284,635.0,False,TI,BlackFriday
599,CMP-00600,Q1_Launch_CMP-00600,2023-11-23,2023-12-09,Google Ads,44286,1346,160104,68.0,False,GO,Launch
600,CMP-00601,Q1_Launch_CMP-00601,2023-04-25,2023-05-02,Google Ads,69450,2704,310007,302.0,False,GO,Launch
601,CMP-00602,Q2_BlackFriday_CMP-00602,2023-03-13,2023-04-08,Google Ads,22352,316,30233,20.0,False,GO,BlackFriday
602,CMP-00603,Q1_Summer_CMP-00603,2023-07-04,2023-07-13,,56069,1066,84975,134.0,True,XX,Summer
603,CMP-00604,Q1_Launch_CMP-00604,2023-10-10,2023-10-11,TikTok,15397,586,35074,31.0,True,TI,Launch
604,CMP-00605,Q2_BlackFriday_CMP-00605,2023-02-03,2023-02-25,Email,42555,515,-9428,57.0,True,EM,BlackFriday
605,CMP-00606,Q4_Launch_CMP-00606,2023-09-03,2023-09-12,Email,47959,1413,159637,117.0,False,EM,Launch
606,CMP-00607,Q3_Winter_CMP-00607,2023-10-22,2023-11-19,,1728,58,7223,7.0,False,XX,Winter
607,CMP-00608,Q1_Summer_CMP-00608,2023-06-12,2023-06-19,Email,51517,1755,329135,349.0,True,EM,Summer
608,CMP-00609,Q1_Winter_CMP-00609,2023-12-15,2023-12-23,Email,67234,734,12217,124.0,True,EM,Winter
609,CMP-00610,Q4_Summer_CMP-00610,2023-10-10,2023-11-02,TikTok,40954,937,65192,165.0,False,TI,Summer
610,CMP-00611,Q4_Summer_CMP-00611,2023-03-08,2023-03-23,Email,48280,1711,230665,,True,INVALID,Summer
611,CMP-00612,Q4_Launch_CMP-00612,2023-01-29,2023-02-24,TikTok,80459,1284,149378,72.0,True,TI,Launch
612,CMP-00613,Q2_Launch_CMP-00613,2023-06-05,2023-06-06,Facebook,17779,672,113959,54.0,False,FA,Launch
613,CMP-00614,Q4_Winter_CMP-00614,2023-12-30,2024-01-20,Google Ads,64932,2586,41023,,True,GO,Winter
614,CMP-00615,Q1_Launch_CMP-00615,2023-09-23,2023-09-25,Instagram,73936,3643,559422,382.0,True,IN,Launch
615,CMP-00616,Q1_BlackFriday_CMP-00616,2023-05-09,2023-06-06,Google Ads,25466,468,47306,30.0,False,GO,BlackFriday
616,CMP-00617,Q3_Winter_CMP-00617,2023-05-21,2023-06-09,TikTok,37939,1631,278484,253.0,False,TI,Winter
617,CMP-00618,Q3_Launch_CMP-00618,2023-01-10,2023-10-28,Facebook,70896,2184,126363,207.0,False,FA,Launch
618,CMP-00619,Q1_Winter_CMP-00619,2023-11-25,2023-12-23,TikTok,36270,904,66845,81.0,True,TI,Winter
619,CMP-00620,Q2_Summer_CMP-00620,2023-03-20,2023-04-03,Google Ads,60163,896,89908,,True,GO,Summer
620,CMP-00621,Q1_Winter_CMP-00621,2023-11-06,2023-11-24,Google Ads,83637,3296,202774,589.0,False,GO,Winter
621,CMP-00622,Q4_Summer_CMP-00622,2023-01-22,2023-02-14,Instagram,52934,1028,87636,114.0,True,INVALID,Summer
622,CMP-00623,Q1_Winter_CMP-00623,2023-01-24,2023-02-09,Facebook,65895,1637,285694,322.0,False,FA,Winter
623,CMP-00624,Q1_Summer_CMP-00624,2023-05-16,2023-06-11,Facebook,33307,416,79971,61.0,False,FA,Summer
624,CMP-00625,Q1_Winter_CMP-00625,2023-08-02,2023-09-01,Google Ads,55098,2317,221715,,True,GO,Winter
625,CMP-00626,Q4_Winter_CMP-00626,2023-11-18,2023-12-11,Email,61921,2517,225718,137.0,False,EM,Winter
626,CMP-00627,Q3_Summer_CMP-00627,2023-06-04,2023-07-02,TikTok,6486,255,23456,17.0,True,TI,Summer
627,CMP-00628,Q3_BlackFriday_CMP-00628,2023-12-17,2024-01-10,Facebook,9335,205,1879,29.0,False,FA,BlackFriday
628,CMP-00629,Q2_BlackFriday_CMP-00629,2023-12-19,2023-12-21,Google Ads,87900,1488,8242,275.0,False,GO,BlackFriday
629,CMP-00630,Q2_Launch_CMP-00630,2023-08-14,2023-08-24,Google Ads,90112,3199,604731,459.0,True,GO,Launch
630,CMP-00631,Q4_Summer_CMP-00631,2023-06-24,2023-07-06,Google Ads,98203,2931,240502,205.0,True,GO,Summer
631,CMP-00632,Q1_Summer_CMP-00632,2023-06-13,2023-06-16,Instagram,12130,207,23391,13.0,True,IN,Summer
632,CMP-00633,Q3_Winter_CMP-00633,2023-07-24,2023-08-13,Facebook,88508,3313,170464,585.0,True,FA,Winter
633,CMP-00634,Q4_BlackFriday_CMP-00634,2023-10-15,2023-10-27,TikTok,61566,3056,546087,216.0,False,TI,BlackFriday
634,CMP-00635,Q2_Launch_CMP-00635,2023-03-04,2023-03-19,Facebook,67703,2700,431119,345.0,False,FA,Launch
635,CMP-00636,Q3_BlackFriday_CMP-00636,2023-02-19,2023-03-18,,28192,1116,214287,62.0,False,XX,BlackFriday
636,CMP-00637,Q3_Winter_CMP-00637,2023-07-16,2023-08-01,Google Ads,2062,99,16557,6.0,True,GO,Winter
637,CMP-00638,Q3_BlackFriday_CMP-00638,2023-03-23,2023-04-10,TikTok,85076,1541,149563,232.0,True,TI,BlackFriday
638,CMP-00639,Q1_Summer_CMP-00639,2023-06-10,2023-06-16,Facebook,90780,2961,258143,454.0,True,FA,Summer
639,CMP-00640,Q3_Launch_CMP-00640,2023-09-21,2023-10-03,Instagram,22545,1108,17136,112.0,False,IN,Launch
640,CMP-00641,Q4_BlackFriday_CMP-00641,2023-12-09,2024-01-08,Email,22689,376,39336,30.0,True,EM,BlackFriday
641,CMP-00642,Q1_Winter_CMP-00642,2023-07-21,2023-08-20,Facebook,12174,462,62339,79.0,False,FA,Winter
642,CMP-00643,Q2_Winter_CMP-00643,2023-04-21,2023-05-03,Email,89461,2990,152306,246.0,True,EM,Winter
643,CMP-00644,Q3_Winter_CMP-00644,2023-05-25,2023-06-18,Email,10348,346,20512,45.0,True,EM,Winter
644,CMP-00645,Q1_BlackFriday_CMP-00645,2023-12-01,2023-12-19,Facebook,24714,936,121966,182.0,False,FA,BlackFriday
645,CMP-00646,Q2_Summer_CMP-00646,2023-01-05,2023-01-23,Facebook,39102,1845,24891,133.0,True,FA,Summer
646,CMP-00647,Q2_Launch_CMP-00647,2023-05-16,2023-05-21,Google Ads,75460,3116,507029,,True,GO,Launch
647,CMP-00648,Q4_Summer_CMP-00648,2023-07-07,2023-07-18,Email,90930,1113,77682,86.0,False,EM,Summer
648,CMP-00649,Q1_Launch_CMP-00649,2023-01-27,2023-02-20,Instagram,7801,344,4368,46.0,True,IN,Launch
649,CMP-00650,Q1_BlackFriday_CMP-00650,2023-10-11,2023-11-01,Instagram,73267,1393,11028,148.0,False,IN,BlackFriday
650,CMP-00651,Q3_Launch_CMP-00651,2023-08-19,2023-08-31,Instagram,49136,1232,78823,239.0,False,IN,Launch
651,CMP-00652,Q3_Summer_CMP-00652,2023-11-16,2023-11-30,Google Ads,24625,701,78214,63.0,True,GO,Summer
652,CMP-00653,Q1_BlackFriday_CMP-00653,2023-02-19,2023-02-25,Google Ads,83873,2452,182675,269.0,False,GO,BlackFriday
653,CMP-00654,Q4_Launch_CMP-00654,2023-06-23,2023-07-12,Facebook,73592,2016,167867,398.0,True,FA,Launch
654,CMP-00655,Q1_Launch_CMP-00655,2023-03-15,2023-03-28,Google Ads,78052,3707,361926,483.0,True,GO,Launch
655,CMP-00656,Q4_Launch_CMP-00656,2023-09-14,2023-09-26,,45261,1730,153811,216.0,False,XX,Launch
656,CMP-00657,Q1_Winter_CMP-00657,2023-01-20,2023-02-04,TikTok,2542,89,5619,7.0,False,TI,Winter
657,CMP-00658,Q2_Launch_CMP-00658,2023-08-31,2023-09-12,Instagram,22677,271,17205,42.0,True,IN,Launch
658,CMP-00659,Q2_Launch_CMP-00659,2023-09-21,2023-10-16,Instagram,47732,2203,174009,114.0,False,IN,Launch
659,CMP-00660,Q1_BlackFriday_CMP-00660,2023-06-13,2023-06-23,Google Ads,51343,2381,137107,136.0,True,GO,BlackFriday
660,CMP-00661,Q1_BlackFriday_CMP-00661,2023-06-03,2023-06-08,Facebook,40081,1651,237692,230.0,False,FA,BlackFriday
661,CMP-00662,Q1_BlackFriday_CMP-00662,2023-09-18,2023-10-15,Email,63856,656,61073,,False,E-,BlackFriday
662,CMP-00663,Q3_Winter_CMP-00663,2023-06-03,2023-07-03,Facebook,94105,1156,106308,223.0,False,FA,Winter
663,CMP-00664,Q1_BlackFriday_CMP-00664,2023-06-19,2023-07-14,,89858,1708,170458,316.0,True,XX,BlackFriday
664,CMP-00665,Q4_Launch_CMP-00665,2023-10-26,2023-11-24,TikTok,20065,306,45722,48.0,True,TI,Launch
665,CMP-00666,Q1_Summer_CMP-00666,2023-12-19,2024-01-04,Google Ads,84460,2192,395864,378.0,False,GO,Summer
666,CMP-00667,Q4_BlackFriday_CMP-00667,2023-05-16,2023-06-07,Facebook,89092,4178,68462,,False,FA,BlackFriday
667,CMP-00668,Q4_Launch_CMP-00668,2023-10-24,2023-11-11,Instagram,55693,1608,25588,110.0,True,IN,Launch
668,CMP-00669,Q3_Winter_CMP-00669,2023-10-26,2023-11-09,TikTok,27962,294,36062,48.0,False,TI,Winter
669,CMP-00670,Q4_Launch_CMP-00670,2023-11-14,2023-11-26,TikTok,29295,624,9614,50.0,False,TI,Launch
670,CMP-00671,Q2_Winter_CMP-00671,2023-12-15,2023-12-29,Google Ads,14807,174,23127,17.0,False,GO,Winter
671,CMP-00672,Q1_BlackFriday_CMP-00672,2023-12-25,2023-12-28,Instagram,43348,496,40889,85.0,False,IN,BlackFriday
672,CMP-00673,Q3_Summer_CMP-00673,2023-06-10,2023-06-30,Instagram,27432,576,46822,75.0,True,IN,Summer
673,CMP-00674,Q2_BlackFriday_CMP-00674,2023-04-15,2023-04-24,Google Ads,84285,1772,167381,317.0,False,GO,BlackFriday
674,CMP-00675,Q3_Launch_CMP-00675,2023-08-30,2023-09-28,TikTok,92792,3849,718302,315.0,True,TI,Launch
675,CMP-00676,Q1_BlackFriday_CMP-00676,2023-02-01,2023-02-06,,58854,2883,38088,406.0,False,XX,BlackFriday
676,CMP-00677,Q3_BlackFriday_CMP-00677,2023-10-15,2023-10-26,TikTok,41262,1025,-164088,64.0,False,TI,BlackFriday
677,CMP-00678,Q3_Summer_CMP-00678,2023-09-27,2023-10-27,TikTok,38080,1034,105451,151.0,False,TI,Summer
678,CMP-00679,Q1_BlackFriday_CMP-00679,2023-08-24,2023-09-05,Google Ads,2324,101,11227,,True,GO,BlackFriday
679,CMP-00680,Q3_BlackFriday_CMP-00680,2023-07-01,2023-07-22,Facebook,92267,1912,131612,263.0,True,FA,BlackFriday
680,CMP-00681,Q2_Launch_CMP-00681,2023-12-15,2023-12-30,Google Ads,36909,599,45341,53.0,True,GO,Launch
681,CMP-00682,Q4_Summer_CMP-00682,2023-11-09,2023-11-24,Google Ads,90339,3986,693976,218.0,True,GO,Summer
682,CMP-00683,Q4_Summer_CMP-00683,2023-05-23,2023-06-17,Email,20870,247,34018,16.0,False,EM,Summer
683,CMP-00684,Q4_Summer_CMP-00684,2023-06-02,2023-06-20,TikTok,35578,1237,124479,177.0,True,TI,Summer
684,CMP-00685,Q3_Launch_CMP-00685,2023-12-20,2024-01-17,Facebook,73124,2375,404766,451.0,True,FA,Launch
685,CMP-00686,Q2_Launch_CMP-00686,2023-06-28,2023-07-20,Instagram,27790,662,57579,53.0,False,IN,Launch
686,CMP-00687,Q1_Summer_CMP-00687,2023-05-21,2023-05-27,Insta_gram,26289,594,116665,,False,IN,Summer
687,CMP-00688,Q3_BlackFriday_CMP-00688,2023-10-06,2023-11-04,Instagram,56129,2294,233352,412.0,True,IN,BlackFriday
688,CMP-00689,Q1_Launch_CMP-00689,2023-06-26,2023-06-28,Google Ads,94714,1274,12816,163.0,False,GO,Launch
689,CMP-00690,Q2_BlackFriday_CMP-00690,2023-05-29,2023-06-09,Facebook,95246,1854,179443,278.0,False,FA,BlackFriday
690,CMP-00691,Q3_BlackFriday_CMP-00691,2024-01-01,2024-01-18,Email,16485,647,44201,111.0,False,EM,BlackFriday
691,CMP-00692,Q4_Winter_CMP-00692,2023-08-15,2023-09-14,Instagram,45482,1452,96806,129.0,True,IN,Winter
692,CMP-00693,Q2_Winter_CMP-00693,2023-04-20,2023-05-18,,87188,1318,19403,124.0,False,XX,Winter
693,CMP-00694,Q2_Summer_CMP-00694,2023-10-15,2023-11-14,Google Ads,5748,260,4713,13.0,False,GO,Summer
694,CMP-00695,Q2_Summer_CMP-00695,2023-11-12,2023-11-17,Instagram,87769,2258,380649,439.0,True,IN,Summer
695,CMP-00696,Q1_Winter_CMP-00696,2023-01-26,2023-02-15,,10435,449,31954,84.0,True,XX,Winter
696,CMP-00697,Q4_BlackFriday_CMP-00697,2023-11-23,2023-12-04,Google Ads,4709,195,25708,32.0,True,INVALID,BlackFriday
697,CMP-00698,Q1_Winter_CMP-00698,2023-06-19,2023-07-07,TikTok,31355,1096,72159,67.0,False,TI,Winter
698,CMP-00699,Q1_BlackFriday_CMP-00699,2023-12-03,2024-01-02,TikTok,56771,1690,95982,197.0,True,TI,BlackFriday
699,CMP-00700,Q3_Summer_CMP-00700,2023-10-09,2023-11-05,Email,58799,2891,429192,188.0,True,EM,Summer
700,CMP-00701,Q3_Summer_CMP-00701,2023-12-01,2023-12-25,Facebook,14116,223,29051,11.0,False,FA,Summer
701,CMP-00702,Q2_BlackFriday_CMP-00702,2023-09-02,2023-09-08,Email,26470,1032,64297,146.0,False,EM,BlackFriday
702,CMP-00703,Q1_Summer_CMP-00703,2023-05-28,2023-06-25,Facebook,43344,764,42204,148.0,False,FA,Summer
703,CMP-00704,Q4_Summer_CMP-00704,2023-02-15,2023-03-13,Instagram,43918,1033,205013,,False,INVALID,Summer
704,CMP-00705,Q1_Winter_CMP-00705,2023-01-20,2023-02-08,Insta_gram,53224,1189,64804,183.0,False,IN,Winter
705,CMP-00706,Q2_BlackFriday_CMP-00706,2023-04-01,2023-05-01,Email,40298,1929,225074,124.0,True,EM,BlackFriday
706,CMP-00707,Q3_Launch_CMP-00707,2023-07-23,2023-08-19,Google Ads,81219,3954,49699,360.0,True,GO,Launch
707,CMP-00708,Q1_Launch_CMP-00708,2023-05-29,2023-06-24,Google Ads,62629,1084,7327,106.0,False,GO,Launch
708,CMP-00709,Q3_Winter_CMP-00709,2023-10-18,2023-10-25,Email,67040,729,54937,119.0,True,EM,Winter
709,CMP-00710,Q1_BlackFriday_CMP-00710,2023-06-21,2023-07-18,Email,29016,1125,115617,191.0,True,EM,BlackFriday
710,CMP-00711,Q3_BlackFriday_CMP-00711,2023-10-06,2023-10-29,TikTok,24960,666,109391,71.0,True,TI,BlackFriday
711,CMP-00712,Q4_BlackFriday_CMP-00712,2023-03-10,2023-03-23,TikTok,34591,468,58997,52.0,False,TI,BlackFriday
712,CMP-00713,Q4_BlackFriday_CMP-00713,2023-04-09,2023-04-12,Instagram,83848,3131,456141,177.0,True,IN,BlackFriday
713,CMP-00714,Q1_Winter_CMP-00714,2023-08-23,2023-09-19,,68641,2183,431745,203.0,True,INVALID,Winter
714,CMP-00715,Q3_Summer_CMP-00715,2023-01-08,2023-01-22,TikTok,37395,1840,30397,216.0,False,TI,Summer
715,CMP-00716,Q3_Winter_CMP-00716,2023-10-18,2023-11-16,TikTok,23700,452,5205,30.0,False,TI,Winter
716,CMP-00717,Q1_Summer_CMP-00717,2023-11-09,2023-11-13,Email,35620,931,108896,109.0,True,INVALID,Summer
717,CMP-00718,Q2_BlackFriday_CMP-00718,2023-08-07,2023-09-06,Google Ads,21559,683,97543,121.0,False,GO,BlackFriday
718,CMP-00719,Q3_Winter_CMP-00719,2023-09-12,2023-12-27,Instagram,94045,3918,586935,537.0,False,IN,Winter
719,CMP-00720,Q4_Summer_CMP-00720,2023-03-13,2023-03-15,TikTok,94396,3016,377322,,False,TI,Summer
720,CMP-00721,Q2_Launch_CMP-00721,2023-01-04,2023-01-21,,62642,2162,317228,170.0,False,XX,Launch
721,CMP-00722,Q1_Summer_CMP-00722,2023-05-17,2023-05-21,Google Ads,77539,1476,7901,178.0,True,GO,Summer
722,CMP-00723,Q2_Launch_CMP-00723,2023-10-21,2023-11-09,TikTok,22732,997,11410,103.0,True,TI,Launch
723,CMP-00724,Q1_Summer_CMP-00724,2023-12-01,2023-12-02,Google Ads,92362,2507,230245,260.0,True,GO,Summer
724,CMP-00725,Q4_Launch_CMP-00725,2023-12-08,2023-12-17,TikTok,31354,490,33994,63.0,False,TI,Launch
725,CMP-00726,Q3_BlackFriday_CMP-00726,2023-07-27,2023-08-26,TikTok,14843,542,35193,74.0,False,TI,BlackFriday
726,CMP-00727,Q2_BlackFriday_CMP-00727,2023-12-27,2024-01-14,Google Ads,72726,1355,190349,229.0,False,GO,BlackFriday
727,CMP-00728,Q2_BlackFriday_CMP-00728,2023-11-24,2023-12-16,TikTok,18640,259,33292,26.0,True,TI,BlackFriday
728,CMP-00729,Q2_BlackFriday_CMP-00729,2023-11-11,2023-11-17,TikTok,53528,2380,20953,406.0,False,TI,BlackFriday
729,CMP-00730,Q2_Launch_CMP-00730,2023-09-02,2023-09-26,Email,39413,1119,134999,112.0,True,INVALID,Launch
730,CMP-00731,Q3_Summer_CMP-00731,2023-11-07,2023-11-15,Facebook,53638,2143,265378,124.0,False,FA,Summer
731,CMP-00732,Q2_Launch_CMP-00732,2023-08-30,2023-09-21,Facebook,53736,1161,92011,154.0,True,FA,Launch
732,CMP-00733,Q4_BlackFriday_CMP-00733,2023-04-22,2023-05-15,Instagram,69866,2897,428217,400.0,False,IN,BlackFriday
733,CMP-00734,Q1_BlackFriday_CMP-00734,2023-11-02,2023-12-02,Google Ads,20087,290,4847,55.0,False,GO,BlackFriday
734,CMP-00735,Q1_BlackFriday_CMP-00735,2023-08-17,2023-08-28,Email,42430,1028,173444,163.0,True,EM,BlackFriday
735,CMP-00736,Q4_Winter_CMP-00736,2023-10-16,2023-11-01,Facebook,25504,1252,175744,234.0,False,FA,Winter
736,CMP-00737,Q4_Launch_CMP-00737,2023-09-16,2023-09-20,Email,8114,338,4284,62.0,False,INVALID,Launch
737,CMP-00738,Q2_Winter_CMP-00738,2023-03-26,2023-04-06,Google Ads,79859,2387,141194,335.0,False,GO,Winter
738,CMP-00739,Q2_Launch_CMP-00739,2023-03-01,2023-03-25,Google Ads,11975,282,26275,36.0,True,GO,Launch
739,CMP-00740,Q2_BlackFriday_CMP-00740,2023-08-09,2023-10-05,Email,12023,539,34491,72.0,False,E-,BlackFriday
740,CMP-00741,Q3_BlackFriday_CMP-00741,2023-09-19,2023-10-15,Instagram,22447,713,138731,140.0,False,IN,BlackFriday
741,CMP-00742,Q3_Summer_CMP-00742,2023-03-09,2023-03-21,Email,91469,3689,259197,612.0,False,EM,Summer
742,CMP-00743,Q1_Launch_CMP-00743,2023-01-30,2023-02-17,Google Ads,24959,1002,72912,66.0,True,GO,Launch
743,CMP-00744,Q4_Winter_CMP-00744,2023-06-07,2023-07-07,Instagram,67203,720,132074,120.0,False,IN,Winter
744,CMP-00745,Q4_Winter_CMP-00745,2023-01-02,2023-01-15,Email,30703,462,88514,34.0,False,EM,Winter
745,CMP-00746,Q2_Launch_CMP-00746,2023-01-24,2023-02-10,Google Ads,10337,376,61993,44.0,False,GO,Launch
746,CMP-00747,Q1_Winter_CMP-00747,2023-10-05,2023-10-27,Facebook,47427,780,39632,63.0,True,FA,Winter
747,CMP-00748,Q1_Launch_CMP-00748,2023-02-05,2023-03-04,TikTok,62529,1264,63455,193.0,False,TI,Launch
748,CMP-00749,Q3_Launch_CMP-00749,2023-05-27,2023-06-09,Google Ads,85665,4100,437532,744.0,True,GO,Launch
749,CMP-00750,Q1_Winter_CMP-00750,2023-11-25,2023-12-03,TikTok,32921,1066,76229,99.0,False,TI,Winter
750,CMP-00751,Q1_Launch_CMP-00751,2023-08-04,2023-08-23,Google Ads,34307,1373,72437,85.0,True,GO,Launch
751,CMP-00752,Q1_Winter_CMP-00752,2023-08-18,2023-08-30,Google Ads,28355,916,109563,86.0,True,GO,Winter
752,CMP-00753,Q1_Winter_CMP-00753,2023-12-07,2024-01-06,TikTok,5835,187,35803,28.0,True,TI,Winter
753,CMP-00754,Q4_Launch_CMP-00754,2023-12-05,2023-12-19,Google Ads,21159,291,28685,28.0,False,INVALID,Launch
754,CMP-00755,Q3_Winter_CMP-00755,2023-06-28,2023-07-21,TikTok,48605,1154,172143,105.0,False,TI,Winter
755,CMP-00756,Q4_Winter_CMP-00756,2023-07-21,2023-08-15,Instagram,39088,832,122999,64.0,False,IN,Winter
756,CMP-00757,Q3_Summer_CMP-00757,2023-04-25,2023-04-29,TikTok,79752,2043,179093,254.0,False,TI,Summer
757,CMP-00758,Q3_BlackFriday_CMP-00758,2023-06-02,2023-06-10,Instagram,56284,2360,348251,215.0,False,IN,BlackFriday
758,CMP-00759,Q1_Summer_CMP-00759,2023-08-06,2023-08-27,Insta_gram,58043,1443,11811,230.0,False,IN,Summer
759,CMP-00760,Q1_BlackFriday_CMP-00760,2023-05-07,2023-05-28,,36547,1025,70009,,True,XX,BlackFriday
760,CMP-00761,Q4_Launch_CMP-00761,2023-04-07,2023-04-22,TikTok,98007,2537,393761,379.0,False,INVALID,Launch
761,CMP-00762,Q4_Launch_CMP-00762,2023-02-27,2023-03-04,TikTok,83844,1151,77136,98.0,True,TI,Launch
762,CMP-00763,Q3_Launch_CMP-00763,2023-12-05,2024-01-01,Google Ads,28532,788,157235,97.0,False,GO,Launch
763,CMP-00764,Q2_Winter_CMP-00764,2023-01-09,2023-09-24,Email,35349,630,48836,58.0,False,INVALID,Winter
764,CMP-00765,Q1_Winter_CMP-00765,2023-01-11,2023-11-30,TikTok,46445,811,112827,128.0,False,TI,Winter
765,CMP-00766,Q1_BlackFriday_CMP-00766,2023-11-03,2023-11-28,Instagram,6713,92,10277,17.0,False,IN,BlackFriday
766,CMP-00767,Q4_Launch_CMP-00767,2023-05-06,2023-05-13,Facebook,57178,1387,95645,,True,FA,Launch
767,CMP-00768,Q3_Launch_CMP-00768,2023-04-30,2023-05-23,Google Ads,50407,2031,110033,279.0,False,GO,Launch
768,CMP-00769,Q2_BlackFriday_CMP-00769,2023-01-29,2023-01-30,Instagram,71340,1502,215402,,False,IN,BlackFriday
769,CMP-00770,Q1_Winter_CMP-00770,2023-04-30,2023-05-29,Google Ads,51990,1169,199915,201.0,True,INVALID,Winter
770,CMP-00771,Q3_Launch_CMP-00771,2023-06-13,2023-07-09,Email,76672,2737,48254,417.0,True,EM,Launch
771,CMP-00772,Q3_Summer_CMP-00772,2023-06-14,2023-07-01,Facebook,66545,1186,145175,91.0,False,FA,Summer
772,CMP-00773,Q4_BlackFriday_CMP-00773,2023-12-05,2023-12-31,Email,85791,3935,655643,681.0,True,EM,BlackFriday
773,CMP-00774,Q3_Launch_CMP-00774,2023-05-21,2023-05-25,Facebook,59141,1821,274838,208.0,False,FA,Launch
774,CMP-00775,Q3_Winter_CMP-00775,2023-10-30,2023-11-15,TikTok,24793,691,109619,54.0,False,TI,Winter
775,CMP-00776,Q2_Summer_CMP-00776,2023-11-17,2023-11-22,Google Ads,57570,1860,230435,171.0,True,GO,Summer
776,CMP-00777,Q2_Launch_CMP-00777,2023-01-25,2023-02-24,Facebook,96084,1598,231729,144.0,True,FA,Launch
777,CMP-00778,Q3_BlackFriday_CMP-00778,2023-12-10,2023-12-13,Email,38892,1343,229423,,False,EM,BlackFriday
778,CMP-00779,Q1_BlackFriday_CMP-00779,2023-12-23,2024-01-15,Facebook,2015,49,5374,4.0,False,FA,BlackFriday
779,CMP-00780,Q3_Winter_CMP-00780,2023-07-12,2023-07-22,Insta_gram,62813,2882,492525,197.0,True,IN,Winter
780,CMP-00781,Q1_BlackFriday_CMP-00781,2023-05-04,2023-05-12,,28712,481,66764,32.0,True,XX,BlackFriday
781,CMP-00782,Q3_Launch_CMP-00782,2023-12-29,2024-01-23,TikTok,9415,285,21342,39.0,True,TI,Launch
782,CMP-00783,Q4_Winter_CMP-00783,2023-01-30,2023-02-12,Google Ads,63292,2147,11530,343.0,False,GO,Winter
783,CMP-00784,Q2_BlackFriday_CMP-00784,2023-10-13,2023-10-23,Facebook,24833,281,2934,27.0,False,FA,BlackFriday
784,CMP-00785,Q3_Summer_CMP-00785,2023-05-11,2023-06-07,Facebook,5158,126,16633,6.0,False,FA,Summer
785,CMP-00786,Q2_BlackFriday_CMP-00786,2023-08-19,2023-08-26,TikTok,63680,2502,440285,172.0,True,TI,BlackFriday
786,CMP-00787,Q2_Summer_CMP-00787,2023-08-04,2023-09-03,Email,21309,912,6304,170.0,False,EM,Summer
787,CMP-00788,Q2_Winter_CMP-00788,2023-07-13,2023-08-03,Facebook,7970,179,30436,22.0,True,FA,Winter
788,CMP-00789,Q1_Summer_CMP-00789,2023-02-07,2023-02-11,Google Ads,73474,3081,55289,363.0,True,GO,Summer
789,CMP-00790,Q2_Summer_CMP-00790,2023-12-10,2024-01-06,Facebook,87704,4272,820312,237.0,False,FA,Summer
790,CMP-00791,Q4_Summer_CMP-00791,2023-06-20,2023-06-27,Email,47540,2104,373963,335.0,False,EM,Summer
791,CMP-00792,Q3_Winter_CMP-00792,2023-04-19,2023-04-20,TikTok,21384,314,62397,40.0,False,TI,Winter
792,CMP-00793,Q3_Launch_CMP-00793,2023-03-02,2023-03-03,Google Ads,19017,752,119587,60.0,False,GO,Launch
793,CMP-00794,Q4_Winter_CMP-00794,2023-05-05,2023-05-06,TikTok,76880,1751,29367,116.0,True,TI,Winter
794,CMP-00795,Q4_BlackFriday_CMP-00795,2023-07-23,2023-08-02,Instagram,9702,480,95598,51.0,False,IN,BlackFriday
795,CMP-00796,Q1_Summer_CMP-00796,2023-05-25,2023-05-29,TikTok,1384,40,5633,7.0,False,TI,Summer
796,CMP-00797,Q4_Launch_CMP-00797,2023-07-03,2023-07-10,Instagram,1404,20,1924,3.0,True,IN,Launch
797,CMP-00798,Q4_BlackFriday_CMP-00798,2023-09-12,2023-09-18,TikTok,41943,1636,28733,229.0,True,TI,BlackFriday
798,CMP-00799,Q1_Winter_CMP-00799,2023-08-29,2023-09-25,Google Ads,48926,1121,159376,178.0,True,GO,Winter
799,CMP-00800,Q3_Summer_CMP-00800,2023-04-15,2023-05-10,Email,30189,1505,206455,101.0,False,EM,Summer
800,CMP-00801,Q3_Summer_CMP-00801,2023-10-16,2023-11-07,Facebook,13763,677,59607,93.0,True,FA,Summer
801,CMP-00802,Q2_Summer_CMP-00802,2023-01-09,2023-01-12,Email,19384,702,114742,105.0,True,EM,Summer
802,CMP-00803,Q3_Winter_CMP-00803,2023-10-24,2023-11-23,TikTok,61100,928,57768,74.0,True,TI,Winter
803,CMP-00804,Q3_BlackFriday_CMP-00804,2023-04-11,2023-05-11,TikTok,99142,3715,700809,676.0,True,INVALID,BlackFriday
804,CMP-00805,Q4_Summer_CMP-00805,2023-05-06,2023-06-05,,10860,149,14732,11.0,False,XX,Summer
805,CMP-00806,Q3_Summer_CMP-00806,2023-12-17,2023-12-21,TikTok,81642,912,6308,88.0,True,INVALID,Summer
806,CMP-00807,Q4_Summer_CMP-00807,2023-09-08,2023-09-22,Email,51612,2215,257726,316.0,False,INVALID,Summer
807,CMP-00808,Q3_Winter_CMP-00808,2023-09-09,2023-09-21,TikTok,24574,451,25423,65.0,True,TI,Winter
808,CMP-00809,Q1_Summer_CMP-00809,2023-06-30,2023-07-22,Email,24524,617,94212,95.0,True,EM,Summer
809,CMP-00810,Q2_Winter_CMP-00810,2023-09-08,2023-09-21,,70172,3434,636684,229.0,True,XX,Winter
810,CMP-00811,Q4_Winter_CMP-00811,2023-11-25,2023-11-26,Instagram,11916,279,48989,,False,INVALID,Winter
811,CMP-00812,Q2_BlackFriday_CMP-00812,2023-02-08,2023-03-03,Email,5809,126,8707,16.0,True,EM,BlackFriday
812,CMP-00813,Q4_Winter_CMP-00813,2023-01-04,2023-01-24,Email,33201,1551,106927,187.0,True,EM,Winter
813,CMP-00814,Q4_Winter_CMP-00814,2023-04-29,2023-05-09,TikTok,54330,783,134688,154.0,False,TI,Winter
814,CMP-00815,Q4_BlackFriday_CMP-00815,2023-03-19,2023-03-30,TikTok,14456,583,109976,93.0,False,TI,BlackFriday
815,CMP-00816,Q2_Winter_CMP-00816,2023-09-16,2023-09-29,Instagram,57397,2842,338484,192.0,False,IN,Winter
816,CMP-00817,Q1_Winter_CMP-00817,2023-11-23,2023-12-05,Google Ads,39765,1831,228592,299.0,False,GO,Winter
817,CMP-00818,Q1_Launch_CMP-00818,2023-09-05,2023-10-05,Email,35816,1291,-126181,82.0,True,EM,Launch
818,CMP-00819,Q1_Launch_CMP-00819,2023-09-30,2023-10-10,Email,46106,1040,191505,56.0,False,E-,Launch
819,CMP-00820,Q2_Winter_CMP-00820,2023-09-29,2023-10-13,Facebook,54932,1108,162583,122.0,False,FA,Winter
820,CMP-00821,Q1_Launch_CMP-00821,2023-05-27,2023-06-16,Email,18100,774,72166,154.0,False,EM,Launch
821,CMP-00822,Q3_Launch_CMP-00822,2023-12-24,2024-01-12,TikTok,58091,2625,248896,200.0,False,TI,Launch
822,CMP-00823,Q2_BlackFriday_CMP-00823,2023-04-02,2023-05-02,TikTok,22949,711,130596,107.0,True,TI,BlackFriday
823,CMP-00824,Q4_Winter_CMP-00824,2023-03-18,2023-04-03,Email,71080,1405,73123,106.0,False,EM,Winter
824,CMP-00825,Q3_Winter_CMP-00825,2023-05-10,2023-05-31,Google Ads,38744,562,55306,89.0,False,GO,Winter
825,CMP-00826,Q3_Launch_CMP-00826,2023-07-23,2023-08-12,Facebook,46543,627,83487,78.0,True,FA,Launch
826,CMP-00827,Q4_Launch_CMP-00827,2023-07-27,2023-08-15,Facebook,93193,3612,260904,549.0,False,FA,Launch
827,CMP-00828,Q3_Launch_CMP-00828,2023-12-23,2023-12-25,TikTok,37187,996,6356,80.0,True,TI,Launch
828,CMP-00829,Q3_Summer_CMP-00829,2023-02-11,2023-03-05,Instagram,8239,380,65471,61.0,True,INVALID,Summer
829,CMP-00830,Q2_Summer_CMP-00830,2023-01-17,2023-02-02,Facebook,15489,613,11289,,True,FA,Summer
830,CMP-00831,Q3_Launch_CMP-00831,2023-07-14,2023-07-16,Google Ads,59017,1041,180656,155.0,False,GO,Launch
831,CMP-00832,Q4_BlackFriday_CMP-00832,2023-11-23,2023-12-09,TikTok,62877,2172,401425,269.0,True,TI,BlackFriday
832,CMP-00833,Q2_Launch_CMP-00833,2023-03-29,2023-04-09,TikTok,44125,1209,160757,227.0,True,TI,Launch
833,CMP-00834,Q1_Winter_CMP-00834,2023-08-11,2023-08-23,Google Ads,50922,1685,289548,88.0,False,GO,Winter
834,CMP-00835,Q4_BlackFriday_CMP-00835,2023-02-18,2023-02-19,Instagram,95074,3757,404277,599.0,False,IN,BlackFriday
835,CMP-00836,Q1_BlackFriday_CMP-00836,2023-04-28,2023-05-07,Facebook,33049,1396,209316,255.0,True,FA,BlackFriday
836,CMP-00837,Q4_Winter_CMP-00837,2023-10-18,2023-11-10,Email,38131,1668,330807,,True,EM,Winter
837,CMP-00838,Q4_Launch_CMP-00838,2023-02-08,2023-02-24,Facebook,43944,885,74215,103.0,True,FA,Launch
838,CMP-00839,Q4_Winter_CMP-00839,2023-10-06,2023-11-05,Facebook,74963,842,91344,67.0,False,FA,Winter
839,CMP-00840,Q1_BlackFriday_CMP-00840,2023-11-06,2023-12-06,Facebook,25285,1000,122007,,False,FA,BlackFriday
840,CMP-00841,Q3_Winter_CMP-00841,2023-04-17,2023-04-30,TikTok,38626,550,38886,81.0,False,TI,Winter
841,CMP-00842,Q4_Summer_CMP-00842,2023-12-31,2024-01-25,TikTok,43808,989,61472,94.0,False,TI,Summer
842,CMP-00843,Q3_BlackFriday_CMP-00843,2023-06-03,2023-06-21,Email,89464,908,158408,108.0,True,EM,BlackFriday
843,CMP-00844,Q3_Launch_CMP-00844,2023-07-19,2023-08-13,Google Ads,54871,2044,401685,,True,GO,Launch
844,CMP-00845,Q4_Launch_CMP-00845,2023-07-16,2023-07-20,Email,20198,337,37309,35.0,False,EM,Launch
845,CMP-00846,Q4_Launch_CMP-00846,2023-12-19,2024-01-02,TikTok,20758,751,47424,55.0,False,TI,Launch
846,CMP-00847,Q3_Summer_CMP-00847,2023-06-27,2023-07-20,Facebook,16254,807,48317,147.0,False,FA,Summer
847,CMP-00848,Q3_Launch_CMP-00848,2023-08-12,2023-12-27,Facebook,45238,583,107096,30.0,False,FA,Launch
848,CMP-00849,Q2_BlackFriday_CMP-00849,2023-11-06,2023-11-26,Facebook,2252,29,3468,5.0,True,FA,BlackFriday
849,CMP-00850,Q1_BlackFriday_CMP-00850,2023-07-23,2023-08-21,Instagram,40764,962,9428,130.0,True,INVALID,BlackFriday
850,CMP-00851,Q4_Launch_CMP-00851,2023-11-21,2023-12-03,Instagram,78709,3514,426843,,True,IN,Launch
851,CMP-00852,Q2_Winter_CMP-00852,2023-09-09,2023-10-01,Instagram,38441,715,69888,113.0,False,IN,Winter
852,CMP-00853,Q2_Summer_CMP-00853,2023-07-12,2023-07-28,TikTok,93234,2276,280757,287.0,False,TI,Summer
853,CMP-00854,Q3_Winter_CMP-00854,2023-12-05,2023-12-06,Email,54682,696,124538,86.0,False,EM,Winter
854,CMP-00855,Q1_Summer_CMP-00855,2023-06-01,2023-06-14,Google Ads,60494,2451,34031,163.0,True,GO,Summer
855,CMP-00856,Q4_Summer_CMP-00856,2023-02-12,2023-02-14,Instagram,82317,2167,334147,234.0,True,IN,Summer
856,CMP-00857,Q3_BlackFriday_CMP-00857,2023-11-21,2023-12-07,Facebook,66215,2673,279865,230.0,True,FA,BlackFriday
857,CMP-00858,Q1_Summer_CMP-00858,2023-07-04,2023-08-03,Instagram,79587,3672,590369,192.0,False,IN,Summer
858,CMP-00859,Q2_BlackFriday_CMP-00859,2023-06-07,2023-07-06,TikTok,7949,153,22949,15.0,False,TI,BlackFriday
859,CMP-00860,Q2_Winter_CMP-00860,2023-02-22,2023-02-25,TikTok,56393,2385,162023,151.0,False,TI,Winter
860,CMP-00861,Q4_Winter_CMP-00861,2023-08-18,2023-09-03,TikTok,74553,921,125161,81.0,False,TI,Winter
861,CMP-00862,Q3_Winter_CMP-00862,2023-02-22,2023-03-24,Instagram,7941,364,32218,23.0,False,IN,Winter
862,CMP-00863,Q3_BlackFriday_CMP-00863,2023-07-01,2023-07-19,TikTok,26934,970,165496,63.0,False,TI,BlackFriday
863,CMP-00864,Q4_Winter_CMP-00864,2023-06-16,2023-06-19,Facebook,24386,1096,124824,87.0,False,FA,Winter
864,CMP-00865,Q2_Summer_CMP-00865,2023-07-31,2023-08-03,TikTok,62886,629,125298,125.0,False,TI,Summer
865,CMP-00866,Q1_Summer_CMP-00866,2023-10-14,2023-11-13,TikTok,76745,1286,82143,64.0,True,TI,Summer
866,CMP-00867,Q1_Launch_CMP-00867,2023-10-20,2023-11-13,Email,84251,2156,360164,314.0,True,EM,Launch
867,CMP-00868,Q4_Summer_CMP-00868,2023-03-28,2023-04-24,Google Ads,95456,2403,362986,171.0,False,GO,Summer
868,CMP-00869,Q2_BlackFriday_CMP-00869,2023-09-10,2023-10-03,TikTok,54413,1037,171234,195.0,True,TI,BlackFriday
869,CMP-00870,Q3_Summer_CMP-00870,2023-05-22,2023-06-12,Email,57800,1460,140349,93.0,True,EM,Summer
870,CMP-00871,Q2_Winter_CMP-00871,2023-02-09,2023-03-11,TikTok,98239,1488,184227,287.0,True,TI,Winter
871,CMP-00872,Q1_BlackFriday_CMP-00872,2023-11-17,2023-11-21,Facebook,43318,1148,194559,162.0,True,FA,BlackFriday
872,CMP-00873,Q1_Launch_CMP-00873,2023-08-23,2023-09-07,TikTok,71173,2995,254219,150.0,True,TI,Launch
873,CMP-00874,Q4_Winter_CMP-00874,2023-07-22,2023-08-04,Email,71390,2081,174606,383.0,False,EM,Winter
874,CMP-00875,Q3_Summer_CMP-00875,2023-06-18,2023-07-12,TikTok,53329,571,75748,73.0,True,TI,Summer
875,CMP-00876,Q1_Summer_CMP-00876,2023-11-30,2023-12-11,Facebook,44088,1184,152185,105.0,False,FA,Summer
876,CMP-00877,Q4_Summer_CMP-00877,2023-06-14,2023-06-22,Google Ads,40811,452,41737,74.0,True,GO,Summer
877,CMP-00878,Q1_Winter_CMP-00878,2023-09-03,2023-09-23,TikTok,56479,2747,260172,519.0,False,TI,Winter
878,CMP-00879,Q1_Launch_CMP-00879,2023-06-13,2023-06-29,Google Ads,86392,1304,119547,159.0,False,GO,Launch
879,CMP-00880,Q2_BlackFriday_CMP-00880,2023-09-09,2023-09-11,TikTok,88369,3385,560985,329.0,True,TI,BlackFriday
880,CMP-00881,Q3_Launch_CMP-00881,2023-06-16,2023-06-27,Instagram,20963,1025,15148,172.0,False,IN,Launch
881,CMP-00882,Q1_BlackFriday_CMP-00882,2023-07-21,2023-07-31,Email,56123,2415,422293,367.0,False,EM,BlackFriday
882,CMP-00883,Q3_Launch_CMP-00883,2023-04-13,2023-05-01,Google Ads,93705,3558,69851,652.0,True,GO,Launch
883,CMP-00884,Q2_Summer_CMP-00884,2023-12-16,2024-01-10,TikTok,74477,3245,393049,499.0,False,TI,Summer
884,CMP-00885,Q3_Launch_CMP-00885,2023-08-25,2023-09-17,Google Ads,15388,758,45483,65.0,False,INVALID,Launch
885,CMP-00886,Q4_BlackFriday_CMP-00886,2023-05-30,2023-06-27,TikTok,6569,228,13045,43.0,False,TI,BlackFriday
886,CMP-00887,Q4_Summer_CMP-00887,2023-07-29,2023-08-13,Google Ads,70836,2292,-21625,150.0,True,GO,Summer
887,CMP-00888,Q2_Launch_CMP-00888,2023-06-05,2023-06-12,Instagram,37586,1320,250644,119.0,True,IN,Launch
888,CMP-00889,Q3_Launch_CMP-00889,2023-08-05,2023-09-04,Google Ads,13015,407,52292,52.0,False,GO,Launch
889,CMP-00890,Q3_Winter_CMP-00890,2023-11-03,2023-11-17,Facebook,46002,1628,14777,219.0,False,FA,Winter
890,CMP-00891,Q4_Summer_CMP-00891,2023-09-17,2023-09-21,Instagram,7254,203,22305,10.0,False,IN,Summer
891,CMP-00892,Q4_Launch_CMP-00892,2023-08-03,2023-08-04,Instagram,18144,339,47389,56.0,False,IN,Launch
892,CMP-00893,Q3_Summer_CMP-00893,2023-07-04,2023-07-26,Facebook,25214,373,55183,38.0,False,FA,Summer
893,CMP-00894,Q4_Winter_CMP-00894,2023-11-01,2023-12-01,TikTok,81719,1040,76011,115.0,False,TI,Winter
894,CMP-00895,Q1_Launch_CMP-00895,2023-05-08,2023-05-27,Instagram,72774,1494,293653,256.0,False,IN,Launch
895,CMP-00896,Q2_Launch_CMP-00896,2023-11-28,2023-12-26,Facebook,7090,83,10932,8.0,True,FA,Launch
896,CMP-00897,Q3_Launch_CMP-00897,2023-11-27,2023-12-19,Google Ads,12637,413,29056,23.0,False,INVALID,Launch
897,CMP-00898,Q1_BlackFriday_CMP-00898,2023-06-19,2023-07-14,Instagram,23415,499,91839,,True,IN,BlackFriday
898,CMP-00899,Q3_Winter_CMP-00899,2023-06-01,2023-07-01,Email,25071,1077,65908,208.0,True,E-,Winter
899,CMP-00900,Q1_Summer_CMP-00900,2023-04-24,2023-05-24,Facebook,59243,768,142971,46.0,True,FA,Summer
900,CMP-00901,Q2_Winter_CMP-00901,2023-10-25,2023-11-11,Facebook,42240,804,160386,83.0,False,FA,Winter
901,CMP-00902,Q4_Winter_CMP-00902,2023-07-11,2023-07-26,Facebook,84807,3325,51559,417.0,False,FA,Winter
902,CMP-00903,Q1_Winter_CMP-00903,2023-10-29,2023-11-01,TikTok,34434,1169,193548,144.0,True,TI,Winter
903,CMP-00904,Q4_Launch_CMP-00904,2023-01-13,2023-01-30,Google Ads,70724,889,89429,44.0,True,GO,Launch
904,CMP-00905,Q2_Summer_CMP-00905,2023-02-13,2023-02-19,Facebook,76697,3458,661296,432.0,False,FA,Summer
905,CMP-00906,Q4_BlackFriday_CMP-00906,2023-03-14,2023-03-29,Email,29732,1340,173473,144.0,False,EM,BlackFriday
906,CMP-00907,Q4_BlackFriday_CMP-00907,2023-04-16,2023-04-25,,12314,285,4556,55.0,False,XX,BlackFriday
907,CMP-00908,Q3_Winter_CMP-00908,2023-02-19,2023-03-14,Email,24954,589,111095,43.0,True,EM,Winter
908,CMP-00909,Q1_BlackFriday_CMP-00909,2023-06-13,2023-07-02,Facebook,58108,2879,565081,296.0,True,FA,BlackFriday
909,CMP-00910,Q4_Summer_CMP-00910,2023-01-23,2023-02-05,,88044,3085,539815,348.0,False,XX,Summer
910,CMP-00911,Q3_Winter_CMP-00911,2023-06-25,2023-07-21,Facebook,88505,2766,264022,300.0,False,FA,Winter
911,CMP-00912,Q4_Launch_CMP-00912,2023-03-26,2023-04-25,Email,37668,1639,319576,245.0,False,EM,Launch
912,CMP-00913,Q3_Winter_CMP-00913,2023-09-22,2023-10-10,Facebook,24061,515,74272,42.0,False,FA,Winter
913,CMP-00914,Q3_Launch_CMP-00914,2023-10-14,2023-11-04,Facebook,80252,2180,41332,181.0,False,FA,Launch
914,CMP-00915,Q4_Summer_CMP-00915,2023-07-27,2023-08-20,Instagram,40749,843,127643,,False,INVALID,Summer
915,CMP-00916,Q1_Launch_CMP-00916,2023-12-03,2024-01-02,Instagram,17907,744,71488,93.0,True,IN,Launch
916,CMP-00917,Q1_Launch_CMP-00917,2023-11-11,2023-11-20,Instagram,19777,651,68683,73.0,True,IN,Launch
917,CMP-00918,Q2_Summer_CMP-00918,2023-08-08,2023-08-27,TikTok,94229,3425,454055,258.0,True,TI,Summer
918,CMP-00919,Q2_Summer_CMP-00919,2023-04-16,2023-04-20,TikTok,52745,1059,178444,82.0,True,TI,Summer
919,CMP-00920,Q2_Winter_CMP-00920,2023-02-02,2023-02-25,Facebook,92865,1746,17058,,False,FA,Winter
920,CMP-00921,Q4_Summer_CMP-00921,2023-10-02,2023-10-19,Google Ads,82818,2446,335003,155.0,False,GO,Summer
921,CMP-00922,Q1_Launch_CMP-00922,2023-08-23,2023-09-08,Instagram,24624,972,98992,129.0,False,INVALID,Launch
922,CMP-00923,Q4_Winter_CMP-00923,2023-09-08,2023-09-14,Instagram,24321,754,129964,138.0,True,IN,Winter
923,CMP-00924,Q4_Winter_CMP-00924,2023-11-02,2023-12-01,TikTok,11488,129,15481,12.0,False,INVALID,Winter
924,CMP-00925,Q4_Launch_CMP-00925,2023-02-28,2023-03-15,Facebook,23574,1054,-6483,104.0,True,FA,Launch
925,CMP-00926,Q1_BlackFriday_CMP-00926,2023-11-13,2023-11-23,TikTok,6240,78,5843,,True,TI,BlackFriday
926,CMP-00927,Q1_Launch_CMP-00927,2023-06-02,2023-06-30,Email,44221,2132,126141,230.0,False,EM,Launch
927,CMP-00928,Q3_BlackFriday_CMP-00928,2023-12-11,2023-12-17,Google Ads,11478,126,15737,7.0,False,GO,BlackFriday
928,CMP-00929,Q3_BlackFriday_CMP-00929,2023-06-06,2023-06-08,TikTok,56645,2139,141068,401.0,False,TI,BlackFriday
929,CMP-00930,Q2_Winter_CMP-00930,2023-03-14,2023-03-24,Instagram,20262,269,18056,40.0,False,IN,Winter
930,CMP-00931,Q3_Winter_CMP-00931,2023-03-12,2023-04-01,Email,53796,2497,47732,495.0,True,EM,Winter
931,CMP-00932,Q3_BlackFriday_CMP-00932,2023-09-07,2023-09-18,Instagram,5432,155,28039,28.0,True,IN,BlackFriday
932,CMP-00933,Q4_Launch_CMP-00933,2023-11-27,2023-12-27,TikTok,96257,1492,175777,,False,TI,Launch
933,CMP-00934,Q2_BlackFriday_CMP-00934,2023-03-27,2023-03-31,TikTok,65291,1542,305117,197.0,False,TI,BlackFriday
934,CMP-00935,Q2_Winter_CMP-00935,2023-06-11,2023-07-03,Email,80104,1329,66487,104.0,True,EM,Winter
935,CMP-00936,Q4_Summer_CMP-00936,2023-07-03,2023-07-08,Google Ads,60399,1016,14437,121.0,True,GO,Summer
936,CMP-00937,Q3_Launch_CMP-00937,2023-04-10,2023-05-07,TikTok,80714,3868,551052,717.0,False,TI,Launch
937,CMP-00938,Q2_Winter_CMP-00938,2023-09-16,2023-09-19,Facebook,51428,1430,169622,82.0,False,INVALID,Winter
938,CMP-00939,Q4_Summer_CMP-00939,2023-09-09,2023-09-16,Email,88731,3686,403773,661.0,False,EM,Summer
939,CMP-00940,Q1_BlackFriday_CMP-00940,2023-09-08,2023-09-24,Facebook,1302,46,5442,4.0,True,FA,BlackFriday
940,CMP-00941,Q2_Winter_CMP-00941,2023-04-23,2023-05-09,TikTok,83558,3096,347508,572.0,False,TI,Winter
941,CMP-00942,Q1_Launch_CMP-00942,2023-10-03,2023-10-11,Instagram,1055,16,2553,3.0,False,INVALID,Launch
942,CMP-00943,Q3_Summer_CMP-00943,2023-10-17,2023-10-18,TikTok,9717,188,13217,28.0,False,TI,Summer
943,CMP-00944,Q1_Launch_CMP-00944,2023-10-09,2023-10-22,Instagram,29699,1231,98044,184.0,False,IN,Launch
944,CMP-00945,Q2_Summer_CMP-00945,2023-05-18,2023-06-12,,74686,3646,281025,429.0,True,XX,Summer
945,CMP-00946,Q3_Winter_CMP-00946,2023-07-07,2023-07-31,Email,68661,1408,125834,246.0,False,EM,Winter
946,CMP-00947,Q3_Summer_CMP-00947,2023-08-14,2023-09-09,TikTok,45247,943,121448,183.0,False,TI,Summer
947,CMP-00948,Q2_BlackFriday_CMP-00948,2023-02-22,2023-03-15,Email,17748,513,34208,85.0,True,EM,BlackFriday
948,CMP-00949,Q3_Launch_CMP-00949,2023-05-07,2023-06-05,Google Ads,5621,277,49922,39.0,False,GO,Launch
949,CMP-00950,Q3_BlackFriday_CMP-00950,2023-08-19,2023-08-25,Facebook,16034,332,31409,46.0,False,FA,BlackFriday
950,CMP-00951,Q4_BlackFriday_CMP-00951,2023-02-14,2023-03-11,Email,6126,160,11901,28.0,False,EM,BlackFriday
951,CMP-00952,Q2_Summer_CMP-00952,2023-05-02,2023-05-15,Instagram,6122,279,42225,36.0,False,IN,Summer
952,CMP-00953,Q2_Summer_CMP-00953,2023-12-19,2023-12-21,TikTok,19030,192,10697,32.0,True,TI,Summer
953,CMP-00954,Q2_BlackFriday_CMP-00954,2023-11-20,2023-11-30,Email,83838,971,138848,122.0,False,EM,BlackFriday
954,CMP-00955,Q2_BlackFriday_CMP-00955,2023-04-16,2023-04-22,Email,85717,2928,453049,173.0,True,EM,BlackFriday
955,CMP-00956,Q1_Winter_CMP-00956,2023-10-19,2023-10-27,Google Ads,56658,2622,215627,282.0,False,GO,Winter
956,CMP-00957,Q4_BlackFriday_CMP-00957,2023-10-03,2023-10-14,TikTok,39638,775,43628,90.0,True,TI,BlackFriday
957,CMP-00958,Q3_Launch_CMP-00958,2023-05-30,2023-06-27,Google Ads,68067,1959,204807,139.0,False,GO,Launch
958,CMP-00959,Q2_Winter_CMP-00959,2023-09-21,2023-10-13,Email,89869,2518,163139,164.0,True,EM,Winter
959,CMP-00960,Q1_Winter_CMP-00960,2023-02-18,2023-03-09,Instagram,35674,1031,69563,134.0,False,IN,Winter
960,CMP-00961,Q2_Summer_CMP-00961,2023-07-30,2023-08-29,,36854,1286,113347,80.0,False,XX,Summer
961,CMP-00962,Q2_Winter_CMP-00962,2023-12-02,2023-12-18,Facebook,47271,1360,128275,129.0,False,FA,Winter
962,CMP-00963,Q2_Launch_CMP-00963,2023-05-08,2023-05-16,Google Ads,74688,2083,269739,336.0,True,GO,Launch
963,CMP-00964,Q1_BlackFriday_CMP-00964,2023-05-07,2023-05-30,Insta_gram,39518,1144,173612,222.0,False,IN,BlackFriday
964,CMP-00965,Q1_Summer_CMP-00965,2023-09-08,2023-09-23,Email,11267,378,5251,,False,EM,Summer
965,CMP-00966,Q2_Launch_CMP-00966,2023-11-18,2023-12-14,Instagram,91825,2890,208814,574.0,True,IN,Launch
966,CMP-00967,Q4_Launch_CMP-00967,2023-11-21,2023-12-14,Google Ads,2062,91,6899,14.0,True,GO,Launch
967,CMP-00968,Q3_BlackFriday_CMP-00968,2023-07-26,2023-08-25,Email,51448,616,111998,57.0,False,EM,BlackFriday
968,CMP-00969,Q1_Winter_CMP-00969,2023-07-08,2023-07-12,Facebook,96462,4179,558953,630.0,True,FA,Winter
969,CMP-00970,Q4_Launch_CMP-00970,2023-10-25,2023-10-29,Google Ads,7229,316,57035,49.0,False,GO,Launch
970,CMP-00971,Q4_Launch_CMP-00971,2023-02-17,2023-02-23,Google Ads,57793,1236,130685,130.0,True,GO,Launch
971,CMP-00972,Q3_BlackFriday_CMP-00972,2023-12-07,2023-12-12,Facebook,48915,1394,198171,73.0,False,FA,BlackFriday
972,CMP-00973,Q3_Summer_CMP-00973,2023-10-01,2023-10-06,Email,5632,155,19925,,True,EM,Summer
973,CMP-00974,Q2_Winter_CMP-00974,2023-04-19,2023-05-13,TikTok,4596,86,8417,4.0,False,TI,Winter
974,CMP-00975,Q3_Winter_CMP-00975,2023-05-26,2023-06-15,Instagram,7168,185,2229,26.0,False,IN,Winter
975,CMP-00976,Q4_Launch_CMP-00976,2023-10-17,2023-11-16,Email,8561,100,12537,7.0,True,EM,Launch
976,CMP-00977,Q4_BlackFriday_CMP-00977,2023-12-16,2023-12-17,Email,74794,1579,126503,212.0,False,EM,BlackFriday
977,CMP-00978,Q1_Launch_CMP-00978,2023-11-17,2023-12-02,Instagram,83152,3547,344951,445.0,False,IN,Launch
978,CMP-00979,Q3_Winter_CMP-00979,2023-03-05,2023-03-21,Google Ads,27734,593,100046,30.0,False,GO,Winter
979,CMP-00980,Q1_BlackFriday_CMP-00980,2023-08-22,2023-09-03,Email,7371,314,58834,32.0,True,EM,BlackFriday
980,CMP-00981,Q4_BlackFriday_CMP-00981,2023-08-08,2023-09-03,TikTok,27069,846,87958,118.0,False,TI,BlackFriday
981,CMP-00982,Q4_Winter_CMP-00982,2023-03-09,2023-04-01,Instagram,80905,3656,351144,,True,IN,Winter
982,CMP-00983,Q2_Launch_CMP-00983,2023-05-21,2023-06-04,Email,13910,458,3631,83.0,True,EM,Launch
983,CMP-00984,Q3_Winter_CMP-00984,2023-07-04,2023-07-05,Google Ads,74479,833,126427,102.0,True,GO,Winter
984,CMP-00985,Q1_Winter_CMP-00985,2023-11-29,2023-12-22,Instagram,78735,2914,286927,464.0,False,IN,Winter
985,CMP-00986,Q4_BlackFriday_CMP-00986,2023-06-06,2023-07-06,TikTok,82264,970,192218,94.0,True,TI,BlackFriday
986,CMP-00987,Q2_Summer_CMP-00987,2023-08-08,2023-09-06,Facebook,24275,680,6722,68.0,True,FA,Summer
987,CMP-00988,Q3_BlackFriday_CMP-00988,2023-01-01,2023-01-24,Instagram,73274,3456,37712,273.0,False,IN,BlackFriday
988,CMP-00989,Q1_BlackFriday_CMP-00989,2023-10-31,2023-11-12,TikTok,82449,1369,192345,183.0,True,TI,BlackFriday
989,CMP-00990,Q3_Summer_CMP-00990,2023-05-01,2023-05-31,Email,61004,1561,265764,151.0,False,EM,Summer
990,CMP-00991,Q3_Summer_CMP-00991,2023-06-25,2023-07-13,Email,63981,2507,301912,157.0,False,EM,Summer
991,CMP-00992,Q3_Launch_CMP-00992,2023-08-05,2023-08-09,TikTok,85659,3879,439872,592.0,True,TI,Launch
992,CMP-00993,Q4_Summer_CMP-00993,2023-04-28,2023-05-12,Email,55553,2046,407861,319.0,False,EM,Summer
993,CMP-00994,Q3_BlackFriday_CMP-00994,2023-02-22,2023-03-10,TikTok,49447,1005,51832,104.0,True,TI,BlackFriday
994,CMP-00995,Q1_Summer_CMP-00995,2023-06-03,2023-06-05,TikTok,35529,1314,242117,80.0,True,TI,Summer
995,CMP-00996,Q4_Launch_CMP-00996,2023-03-10,2023-03-19,TikTok,76703,1677,121366,191.0,True,TI,Launch
996,CMP-00997,Q4_Winter_CMP-00997,2023-02-05,2023-05-16,Instagram,77090,2986,501316,347.0,False,IN,Winter
997,CMP-00998,Q4_Summer_CMP-00998,2023-11-29,2023-12-17,TikTok,18260,879,125424,132.0,False,TI,Summer
998,CMP-00999,Q1_BlackFriday_CMP-00999,2023-04-20,2023-05-13,Instagram,4812,186,18838,18.0,True,IN,BlackFriday
999,CMP-01000,Q1_Winter_CMP-01000,2023-07-30,2023-08-13,Email,29024,1292,233957,196.0,True,EM,Winter
1000,CMP-01001,Q2_Winter_CMP-01001,2023-04-22,2023-04-25,Facebook,59656,601,31214,108.0,False,FA,Winter
1001,CMP-01002,Q1_Launch_CMP-01002,2023-02-21,2023-02-24,TikTok,28285,1094,9190,93.0,False,TI,Launch
1002,CMP-01003,Q1_Summer_CMP-01003,2023-07-16,2023-07-19,Instagram,93436,4034,544727,794.0,True,IN,Summer
1003,CMP-01004,Q4_Summer_CMP-01004,2023-03-13,2023-03-22,Google Ads,2605,30,3082,3.0,False,GO,Summer
1004,CMP-01005,Q3_Summer_CMP-01005,2023-05-08,2023-06-06,Facebook,72158,3237,458219,291.0,True,FA,Summer
1005,CMP-01006,Q3_Winter_CMP-01006,2023-11-08,2023-11-30,TikTok,73303,1485,79621,168.0,False,TI,Winter
1006,CMP-01007,Q1_BlackFriday_CMP-01007,2023-01-14,2023-01-26,Google Ads,28139,1030,69493,66.0,True,GO,BlackFriday
1007,CMP-01008,Q3_Winter_CMP-01008,2023-06-04,2023-06-20,Facebook,78149,3283,226739,226.0,True,FA,Winter
1008,CMP-01009,Q3_Summer_CMP-01009,2023-04-07,2023-04-20,Facebook,57138,2085,163448,,False,FA,Summer
1009,CMP-01010,Q4_Launch_CMP-01010,2023-01-28,2023-02-14,Google Ads,77125,1055,125439,173.0,False,GO,Launch
1010,CMP-01011,Q1_Summer_CMP-01011,2023-05-03,2023-06-02,TikTok,14918,505,82224,93.0,False,TI,Summer
1011,CMP-01012,Q2_Winter_CMP-01012,2023-09-13,2023-09-21,Instagram,86655,2771,514937,414.0,True,IN,Winter
1012,CMP-01013,Q3_Summer_CMP-01013,2023-01-07,2023-02-06,Email,28446,1308,22930,86.0,False,EM,Summer
1013,CMP-01014,Q2_Launch_CMP-01014,2023-03-09,2023-04-08,Google Ads,14046,367,29189,55.0,True,GO,Launch
1014,CMP-01015,Q1_BlackFriday_CMP-01015,2023-08-04,2023-09-03,Instagram,25818,589,68426,85.0,False,IN,BlackFriday
1015,CMP-01016,Q2_Launch_CMP-01016,2023-08-30,2023-09-04,TikTok,5324,212,16941,36.0,True,TI,Launch
1016,CMP-01017,Q2_Summer_CMP-01017,2023-01-09,2023-09-05,Email,77323,2049,183735,,True,EM,Summer
1017,CMP-01018,Q3_BlackFriday_CMP-01018,2023-04-21,2023-04-22,Facebook,10111,362,45443,65.0,False,FA,BlackFriday
1018,CMP-01019,Q3_Summer_CMP-01019,2023-01-31,2023-02-06,,39110,1402,84423,157.0,False,XX,Summer
1019,CMP-01020,Q3_Launch_CMP-01020,2023-05-27,2023-05-30,TikTok,17389,791,65436,122.0,False,TI,Launch
1020,CMP-01021,Q1_Launch_CMP-01021,2023-08-01,2023-08-20,TikTok,42427,1440,274042,,False,TI,Launch
1021,CMP-01022,Q1_Summer_CMP-01022,2023-11-24,2023-12-24,Email,80579,2424,29068,484.0,False,EM,Summer
1022,CMP-01023,Q1_Winter_CMP-01023,2023-05-23,2023-06-14,Instagram,29746,462,53965,35.0,False,IN,Winter
1023,CMP-01024,Q1_Winter_CMP-01024,2023-02-10,2023-02-17,TikTok,88886,1300,67841,66.0,True,TI,Winter
1024,CMP-01025,Q3_Summer_CMP-01025,2023-03-21,2023-04-05,TikTok,1117,18,1568,1.0,False,TI,Summer
1025,CMP-01026,Q2_Summer_CMP-01026,2023-11-21,2023-12-13,Google Ads,85471,1442,259479,239.0,False,GO,Summer
1026,CMP-01027,Q2_BlackFriday_CMP-01027,2023-11-26,2023-12-14,Email,14234,505,37721,59.0,True,EM,BlackFriday
1027,CMP-01028,Q4_Summer_CMP-01028,2023-12-24,2024-01-05,TikTok,54441,2158,242276,252.0,True,TI,Summer
1028,CMP-01029,Q2_BlackFriday_CMP-01029,2023-03-05,2023-04-04,TikTok,1846,57,2973,,True,TI,BlackFriday
1029,CMP-01030,Q2_Winter_CMP-01030,2023-02-14,2023-02-23,Facebook,11954,515,62701,96.0,True,FA,Winter
1030,CMP-01031,Q3_Summer_CMP-01031,2023-11-10,2023-11-26,TikTok,80239,3983,211709,385.0,False,TI,Summer
1031,CMP-01032,Q4_BlackFriday_CMP-01032,2023-12-03,2023-12-06,Facebook,47514,2033,35159,165.0,False,FA,BlackFriday
1032,CMP-01033,Q2_BlackFriday_CMP-01033,2023-12-29,2024-01-24,Facebook,89236,3372,585811,597.0,False,FA,BlackFriday
1033,CMP-01034,Q2_BlackFriday_CMP-01034,2023-09-12,2023-10-04,Google Ads,98579,3085,518778,573.0,True,GO,BlackFriday
1034,CMP-01035,Q4_Winter_CMP-01035,2023-05-13,2023-05-19,Facebook,7469,208,19241,27.0,False,FA,Winter
1035,CMP-01036,Q2_BlackFriday_CMP-01036,2023-05-18,2023-06-06,Facebook,31105,416,73044,60.0,False,FA,BlackFriday
1036,CMP-01037,Q2_Winter_CMP-01037,2023-01-16,2023-01-30,Email,43101,1119,147092,99.0,True,EM,Winter
1037,CMP-01038,Q3_BlackFriday_CMP-01038,2023-09-26,2023-09-30,Facebook,65323,3031,321502,515.0,False,FA,BlackFriday
1038,CMP-01039,Q4_BlackFriday_CMP-01039,2023-12-31,2024-01-18,Email,92922,3932,56542,569.0,True,EM,BlackFriday
1039,CMP-01040,Q1_Launch_CMP-01040,2023-09-12,2023-09-14,TikTok,59067,1101,57088,138.0,False,TI,Launch
1040,CMP-01041,Q3_BlackFriday_CMP-01041,2023-09-13,2023-09-21,Facebook,50376,1443,103094,85.0,True,FA,BlackFriday
1041,CMP-01042,Q3_Launch_CMP-01042,2023-03-22,2023-03-29,Email,46587,1987,320591,372.0,True,EM,Launch
1042,CMP-01043,Q2_Summer_CMP-01043,2023-10-21,2023-10-26,,37976,482,41753,68.0,False,XX,Summer
1043,CMP-01044,Q4_Winter_CMP-01044,2023-09-18,2023-09-28,Instagram,68584,1748,244198,137.0,False,IN,Winter
1044,CMP-01045,Q2_Launch_CMP-01045,2023-01-07,2023-01-12,Email,79477,3502,377394,493.0,True,EM,Launch
1045,CMP-01046,Q3_BlackFriday_CMP-01046,2023-07-16,2023-08-09,Email,43533,1138,202815,172.0,True,EM,BlackFriday
1046,CMP-01047,Q2_BlackFriday_CMP-01047,2023-01-19,2023-02-11,TikTok,2828,37,7136,4.0,False,TI,BlackFriday
1047,CMP-01048,Q3_Summer_CMP-01048,2023-12-02,2023-12-15,TikTok,2917,92,16793,14.0,False,TI,Summer
1048,CMP-01049,Q2_BlackFriday_CMP-01049,2023-08-02,2023-08-03,Facebook,21618,961,8706,131.0,True,FA,BlackFriday
1049,CMP-01050,Q2_Launch_CMP-01050,2023-02-09,2023-02-21,Instagram,33254,1117,88382,214.0,False,IN,Launch
1050,CMP-01051,Q3_Summer_CMP-01051,2023-12-11,2023-12-13,Email,48362,921,111593,53.0,True,EM,Summer
1051,CMP-01052,Q1_Winter_CMP-01052,2023-09-22,2023-10-09,Google Ads,21128,536,2739,35.0,True,GO,Winter
1052,CMP-01053,Q4_Winter_CMP-01053,2023-02-05,2023-03-03,Facebook,60383,1691,91097,128.0,False,FA,Winter
1053,CMP-01054,Q4_BlackFriday_CMP-01054,2023-06-09,2023-06-10,Google Ads,66545,2207,293517,338.0,True,GO,BlackFriday
1054,CMP-01055,Q3_Launch_CMP-01055,2023-01-05,2023-01-09,Google Ads,83180,3358,43005,493.0,True,GO,Launch
1055,CMP-01056,Q1_BlackFriday_CMP-01056,2023-06-05,2023-06-22,Instagram,88958,1241,247191,228.0,False,IN,BlackFriday
1056,CMP-01057,Q1_BlackFriday_CMP-01057,2023-07-08,2023-07-30,TikTok,10865,495,39737,79.0,False,TI,BlackFriday
1057,CMP-01058,Q1_Winter_CMP-01058,2023-04-11,2023-04-20,Facebook,3219,33,2928,4.0,False,FA,Winter
1058,CMP-01059,Q4_Launch_CMP-01059,2023-05-06,2023-05-25,Google Ads,40809,1012,67835,201.0,False,GO,Launch
1059,CMP-01060,Q3_BlackFriday_CMP-01060,2023-01-13,2023-01-30,Facebook,6287,69,12947,6.0,True,FA,BlackFriday
1060,CMP-01061,Q1_Winter_CMP-01061,2023-12-22,2023-12-23,Facebook,35387,910,151671,159.0,False,FA,Winter
1061,CMP-01062,Q3_BlackFriday_CMP-01062,2023-01-01,2023-01-11,TikTok,9512,295,51139,33.0,True,TI,BlackFriday
1062,CMP-01063,Q2_Launch_CMP-01063,2023-06-07,2023-07-06,Google Ads,2342,71,13164,10.0,True,GO,Launch
1063,CMP-01064,Q2_Summer_CMP-01064,2023-05-02,2023-05-28,Facebook,64076,1065,137103,169.0,True,FA,Summer
1064,CMP-01065,Q4_Launch_CMP-01065,2023-03-14,2023-03-19,Instagram,20216,724,8520,105.0,False,IN,Launch
1065,CMP-01066,Q4_Launch_CMP-01066,2023-04-29,2023-05-10,Email,94070,1109,110411,78.0,False,EM,Launch
1066,CMP-01067,Q4_Winter_CMP-01067,2023-12-25,2024-01-24,Email,80767,3269,452371,380.0,False,EM,Winter
1067,CMP-01068,Q3_BlackFriday_CMP-01068,2023-02-13,2023-02-21,TikTok,98829,4730,558811,634.0,False,TI,BlackFriday
1068,CMP-01069,Q3_Launch_CMP-01069,2023-11-23,2023-12-21,Google Ads,27614,651,76645,115.0,False,GO,Launch
1069,CMP-01070,Q4_BlackFriday_CMP-01070,2023-10-18,2023-11-03,TikTok,37258,1143,217786,133.0,False,TI,BlackFriday
1070,CMP-01071,Q1_Winter_CMP-01071,2023-12-06,2024-01-01,Facebook,94789,2384,47109,447.0,False,FA,Winter
1071,CMP-01072,Q1_Launch_CMP-01072,2023-05-14,2023-05-21,TikTok,43078,442,74907,51.0,False,TI,Launch
1072,CMP-01073,Q4_BlackFriday_CMP-01073,2023-07-21,2023-07-28,Facebook,84524,2149,351391,284.0,False,FA,BlackFriday
1073,CMP-01074,Q4_Summer_CMP-01074,2023-06-12,2023-07-04,,97573,4065,61822,688.0,False,INVALID,Summer
1074,CMP-01075,Q2_Winter_CMP-01075,2023-04-14,2023-04-30,Instagram,13219,447,33485,61.0,True,IN,Winter
1075,CMP-01076,Q3_Winter_CMP-01076,2023-02-25,2023-03-13,Instagram,1235,17,1001,3.0,True,IN,Winter
1076,CMP-01077,Q2_Winter_CMP-01077,2023-08-27,2023-09-12,TikTok,43929,1927,296004,287.0,False,TI,Winter
1077,CMP-01078,Q3_Summer_CMP-01078,2023-07-03,2023-07-10,Email,68444,2138,340622,274.0,True,EM,Summer
1078,CMP-01079,Q1_BlackFriday_CMP-01079,2023-06-07,2023-06-11,Instagram,9567,417,23788,22.0,False,IN,BlackFriday
1079,CMP-01080,Q2_BlackFriday_CMP-01080,2023-02-16,2023-02-22,Instagram,71792,2384,451071,267.0,False,IN,BlackFriday
1080,CMP-01081,Q4_Launch_CMP-01081,2023-12-27,2024-01-09,Email,66441,2151,136957,204.0,False,EM,Launch
1081,CMP-01082,Q2_Launch_CMP-01082,2023-06-17,2023-07-05,Email,85555,1215,112855,,True,EM,Launch
1082,CMP-01083,Q1_Winter_CMP-01083,2023-07-02,2023-08-01,Facebook,74698,1247,188121,101.0,True,FA,Winter
1083,CMP-01084,Q2_Winter_CMP-01084,2023-06-03,2023-06-24,Email,6415,313,23626,25.0,False,EM,Winter
1084,CMP-01085,Q3_BlackFriday_CMP-01085,2023-01-16,2023-02-15,Insta_gram,37159,711,4146,55.0,True,IN,BlackFriday
1085,CMP-01086,Q1_Winter_CMP-01086,2023-10-12,2023-11-09,TikTok,44925,2205,219777,151.0,True,TI,Winter
1086,CMP-01087,Q2_Winter_CMP-01087,2023-08-25,2023-09-20,Google Ads,6951,217,35782,20.0,False,GO,Winter
1087,CMP-01088,Q4_Summer_CMP-01088,2023-04-03,2023-05-03,TikTok,88388,1363,152727,249.0,False,TI,Summer
1088,CMP-01089,Q2_Winter_CMP-01089,2023-04-24,2023-04-29,Instagram,9007,125,18493,20.0,False,IN,Winter
1089,CMP-01090,Q3_Summer_CMP-01090,2023-07-10,2023-08-01,Email,42832,786,107637,125.0,False,EM,Summer
1090,CMP-01091,Q4_Winter_CMP-01091,2023-02-13,2023-02-18,Instagram,59596,2802,149438,475.0,False,IN,Winter
1091,CMP-01092,Q3_Summer_CMP-01092,2023-08-02,2023-09-01,Email,31523,837,165961,75.0,True,EM,Summer
1092,CMP-01093,Q4_Launch_CMP-01093,2023-02-03,2023-02-20,Facebook,89861,2319,130361,424.0,False,FA,Launch
1093,CMP-01094,Q2_Launch_CMP-01094,2023-07-03,2023-08-02,Facebook,87740,1976,385657,139.0,False,FA,Launch
1094,CMP-01095,Q4_Launch_CMP-01095,2023-06-19,2023-07-17,Email,16524,262,3471,26.0,False,EM,Launch
1095,CMP-01096,Q2_Summer_CMP-01096,2023-01-26,2023-02-20,TikTok,20282,598,116295,,False,INVALID,Summer
1096,CMP-01097,Q4_Winter_CMP-01097,2023-07-22,2023-07-25,Email,24930,378,25407,24.0,True,EM,Winter
1097,CMP-01098,Q3_Winter_CMP-01098,2023-08-07,2023-08-23,Google Ads,1077,46,5684,,False,GO,Winter
1098,CMP-01099,Q4_BlackFriday_CMP-01099,2023-04-06,2023-04-23,Google Ads,21611,536,40428,,False,GO,BlackFriday
1099,CMP-01100,Q3_Launch_CMP-01100,2023-03-18,2023-03-21,TikTok,17984,449,25883,75.0,True,TI,Launch
1100,CMP-01101,Q4_Summer_CMP-01101,2023-11-14,2023-12-03,Google Ads,15060,436,62186,54.0,False,GO,Summer
1101,CMP-01102,Q3_Launch_CMP-01102,2023-09-13,2023-09-19,TikTok,83985,2331,189201,,False,TI,Launch
1102,CMP-01103,Q1_Winter_CMP-01103,2023-01-02,2023-02-09,Google Ads,85056,4235,585085,678.0,False,GO,Winter
1103,CMP-01104,Q2_Winter_CMP-01104,2023-07-16,2023-08-06,Instagram,44303,1409,94198,,True,IN,Winter
1104,CMP-01105,Q3_BlackFriday_CMP-01105,2023-09-27,2023-10-22,Facebook,60207,814,81236,100.0,True,FA,BlackFriday
1105,CMP-01106,Q3_Summer_CMP-01106,2023-10-06,2023-10-20,Facebook,76046,2606,43584,159.0,True,FA,Summer
1106,CMP-01107,Q4_Summer_CMP-01107,2024-01-01,2024-01-28,Instagram,30287,486,56161,69.0,False,IN,Summer
1107,CMP-01108,Q2_Winter_CMP-01108,2023-09-06,2023-09-27,TikTok,94709,1064,153388,159.0,True,TI,Winter
1108,CMP-01109,Q4_Winter_CMP-01109,2023-06-14,2023-06-26,Email,40711,1987,292325,212.0,True,EM,Winter
1109,CMP-01110,Q1_Winter_CMP-01110,2023-06-13,2023-07-13,Facebook,12954,530,93579,102.0,True,FA,Winter
1110,CMP-01111,Q3_Launch_CMP-01111,2023-05-24,2023-06-20,TikTok,74340,3657,361086,662.0,True,TI,Launch
1111,CMP-01112,Q1_BlackFriday_CMP-01112,2023-08-30,2023-09-08,Google Ads,73101,2128,325785,332.0,False,GO,BlackFriday
1112,CMP-01113,Q4_Winter_CMP-01113,2023-04-30,2023-05-14,TikTok,72520,2269,440736,356.0,True,TI,Winter
1113,CMP-01114,Q4_Winter_CMP-01114,2023-12-03,2023-12-05,Google Ads,88062,1473,234997,129.0,False,GO,Winter
1114,CMP-01115,Q3_BlackFriday_CMP-01115,2023-01-29,2023-02-23,Facebook,19574,389,48034,57.0,False,FA,BlackFriday
1115,CMP-01116,Q4_Launch_CMP-01116,2023-10-22,2023-11-05,Google Ads,10184,443,64061,,True,GO,Launch
1116,CMP-01117,Q1_BlackFriday_CMP-01117,2023-07-01,2023-07-03,TikTok,20096,487,78384,34.0,False,TI,BlackFriday
1117,CMP-01118,Q4_Winter_CMP-01118,2023-03-30,2023-04-27,Facebook,68728,2960,41985,591.0,True,FA,Winter
1118,CMP-01119,Q2_Launch_CMP-01119,2023-12-24,2024-01-04,Google Ads,35016,1343,70509,192.0,False,GO,Launch
1119,CMP-01120,Q1_Launch_CMP-01120,2023-12-27,2024-01-21,Email,12246,209,16556,23.0,True,EM,Launch
1120,CMP-01121,Q1_BlackFriday_CMP-01121,2023-10-16,2023-10-29,Instagram,46558,1410,241914,131.0,True,IN,BlackFriday
1121,CMP-01122,Q1_Launch_CMP-01122,2023-09-10,2023-09-11,TikTok,19381,718,65264,100.0,False,TI,Launch
1122,CMP-01123,Q1_Winter_CMP-01123,2023-01-20,2023-01-27,Facebook,37455,726,115967,41.0,True,FA,Winter
1123,CMP-01124,Q3_Winter_CMP-01124,2023-04-30,2023-05-22,Email,93263,4031,426552,258.0,True,EM,Winter
1124,CMP-01125,Q4_Launch_CMP-01125,2023-02-09,2023-09-26,Instagram,5018,159,20397,8.0,False,IN,Launch
1125,CMP-01126,Q1_Launch_CMP-01126,2023-11-11,2023-12-11,TikTok,12302,204,-1228,25.0,True,TI,Launch
1126,CMP-01127,Q4_Launch_CMP-01127,2023-04-01,2023-04-13,Google Ads,68506,2282,176134,319.0,True,GO,Launch
1127,CMP-01128,Q1_BlackFriday_CMP-01128,2023-06-15,2023-06-28,TikTok,42157,2107,407872,125.0,False,TI,BlackFriday
1128,CMP-01129,Q4_BlackFriday_CMP-01129,2023-03-17,2023-04-01,Instagram,55917,895,164251,141.0,True,IN,BlackFriday
1129,CMP-01130,Q1_Launch_CMP-01130,2023-02-26,2023-03-18,Email,93738,3999,591217,338.0,False,EM,Launch
1130,CMP-01131,Q3_Launch_CMP-01131,2023-02-07,2023-03-06,Email,97646,1786,212439,272.0,True,EM,Launch
1131,CMP-01132,Q3_BlackFriday_CMP-01132,2023-07-22,2023-08-19,Facebook,84122,3473,525688,685.0,False,FA,BlackFriday
1132,CMP-01133,Q1_Winter_CMP-01133,2023-06-15,2023-06-23,Facebook,25519,1005,143506,154.0,False,FA,Winter
1133,CMP-01134,Q4_Launch_CMP-01134,2023-08-12,2023-09-05,Email,97809,2153,291264,392.0,False,EM,Launch
1134,CMP-01135,Q1_Winter_CMP-01135,2023-11-29,2023-12-29,Email,88487,2038,11999,391.0,True,EM,Winter
1135,CMP-01136,Q1_BlackFriday_CMP-01136,2023-10-15,2023-10-20,Google Ads,57819,2411,349403,296.0,False,GO,BlackFriday
1136,CMP-01137,Q3_Winter_CMP-01137,2023-07-02,2023-07-18,Facebook,81910,2330,385238,361.0,False,FA,Winter
1137,CMP-01138,Q4_Launch_CMP-01138,2023-03-31,2023-04-20,Email,72324,2837,564881,504.0,True,EM,Launch
1138,CMP-01139,Q1_Launch_CMP-01139,2023-05-31,2023-06-26,Email,6408,102,527,,False,EM,Launch
1139,CMP-01140,Q3_Summer_CMP-01140,2023-12-26,2024-01-12,Facebook,60379,2662,424658,237.0,False,FA,Summer
1140,CMP-01141,Q1_Launch_CMP-01141,2023-10-18,2023-11-16,Facebook,26053,1001,135904,192.0,False,FA,Launch
1141,CMP-01142,Q4_BlackFriday_CMP-01142,2023-11-05,2023-11-19,Google Ads,10446,483,55597,,True,GO,BlackFriday
1142,CMP-01143,Q1_BlackFriday_CMP-01143,2023-11-10,2023-12-01,,1922,29,-2005,2.0,True,XX,BlackFriday
1143,CMP-01144,Q3_Launch_CMP-01144,2023-09-12,2023-10-10,Email,99723,3362,374402,394.0,True,EM,Launch
1144,CMP-01145,Q3_BlackFriday_CMP-01145,2023-05-02,2023-05-27,Google Ads,52356,1778,183412,301.0,True,GO,BlackFriday
1145,CMP-01146,Q1_BlackFriday_CMP-01146,2023-11-22,2023-12-13,Facebook,11789,284,27101,37.0,True,FA,BlackFriday
1146,CMP-01147,Q2_BlackFriday_CMP-01147,2023-12-29,2024-01-04,Insta_gram,98720,2797,446491,412.0,True,IN,BlackFriday
1147,CMP-01148,Q3_Launch_CMP-01148,2023-06-21,2023-06-29,TikTok,67656,779,12083,127.0,False,TI,Launch
1148,CMP-01149,Q1_Launch_CMP-01149,2023-05-08,2023-05-28,Google Ads,45028,1793,248067,256.0,True,GO,Launch
1149,CMP-01150,Q3_BlackFriday_CMP-01150,2023-02-25,2023-03-14,Instagram,65484,2093,399344,274.0,False,IN,BlackFriday
1150,CMP-01151,Q1_Summer_CMP-01151,2023-08-13,2023-08-23,Email,33154,408,41811,,True,EM,Summer
1151,CMP-01152,Q3_Summer_CMP-01152,2023-07-31,2023-08-16,Instagram,83870,3122,270272,,True,IN,Summer
1152,CMP-01153,Q4_Winter_CMP-01153,2023-10-07,2023-11-01,TikTok,3336,95,14097,13.0,True,TI,Winter
1153,CMP-01154,Q2_Summer_CMP-01154,2023-10-23,2023-10-26,Instagram,68779,782,62421,81.0,False,IN,Summer
1154,CMP-01155,Q1_Winter_CMP-01155,2023-03-25,2023-04-08,Google Ads,20029,977,95015,108.0,True,GO,Winter
1155,CMP-01156,Q2_Launch_CMP-01156,2023-01-18,2023-02-07,Facebook,60201,2887,241614,564.0,False,FA,Launch
1156,CMP-01157,Q4_BlackFriday_CMP-01157,2023-02-23,2023-02-24,TikTok,33265,1015,61279,67.0,False,TI,BlackFriday
1157,CMP-01158,Q3_Launch_CMP-01158,2023-03-29,2023-04-12,Email,44872,616,107261,,False,INVALID,Launch
1158,CMP-01159,Q2_Launch_CMP-01159,2023-02-08,2023-02-11,Google Ads,47197,1896,167191,234.0,False,GO,Launch
1159,CMP-01160,Q1_Summer_CMP-01160,2023-02-17,2023-03-07,Instagram,56180,1667,201631,292.0,True,IN,Summer
1160,CMP-01161,Q3_BlackFriday_CMP-01161,2023-09-05,2023-09-08,Instagram,24710,546,30848,40.0,True,IN,BlackFriday
1161,CMP-01162,Q1_Winter_CMP-01162,2023-12-01,2023-12-24,Facebook,30486,904,14003,82.0,True,FA,Winter
1162,CMP-01163,Q1_Launch_CMP-01163,2023-03-22,2023-04-20,Email,72907,2252,224264,,False,EM,Launch
1163,CMP-01164,Q1_BlackFriday_CMP-01164,2023-06-19,2023-07-14,Facebook,72895,2369,383092,369.0,False,FA,BlackFriday
1164,CMP-01165,Q3_Launch_CMP-01165,2023-12-23,2023-12-28,Email,65435,1809,202356,155.0,False,EM,Launch
1165,CMP-01166,Q4_Summer_CMP-01166,2023-10-04,2023-10-29,Facebook,41631,1425,113093,154.0,False,FA,Summer
1166,CMP-01167,Q2_BlackFriday_CMP-01167,2023-02-05,2023-05-23,Email,21103,986,125199,114.0,False,EM,BlackFriday
1167,CMP-01168,Q1_Launch_CMP-01168,2023-07-21,2023-07-23,Facebook,65772,1610,112017,295.0,True,FA,Launch
1168,CMP-01169,Q1_Winter_CMP-01169,2023-03-20,2023-04-01,TikTok,15382,600,69649,67.0,True,TI,Winter
1169,CMP-01170,Q3_BlackFriday_CMP-01170,2023-01-02,2023-01-11,Facebook,85291,3904,381014,280.0,True,FA,BlackFriday
1170,CMP-01171,Q2_Summer_CMP-01171,2023-12-05,2023-12-18,Facebook,4756,134,2503,17.0,False,FA,Summer
1171,CMP-01172,Q3_Launch_CMP-01172,2023-02-19,2023-02-28,TikTok,21609,599,35424,116.0,False,TI,Launch
1172,CMP-01173,Q2_Launch_CMP-01173,2023-03-29,2023-04-13,Email,17478,595,91691,83.0,False,EM,Launch
1173,CMP-01174,Q3_Winter_CMP-01174,2023-08-31,2023-09-21,Facebook,40666,1368,105901,270.0,True,FA,Winter
1174,CMP-01175,Q3_Summer_CMP-01175,2023-07-23,2023-08-18,Facebook,76683,3240,317056,570.0,False,FA,Summer
1175,CMP-01176,Q4_Winter_CMP-01176,2023-05-16,2023-06-15,Google Ads,72315,2101,235999,116.0,False,GO,Winter
1176,CMP-01177,Q3_BlackFriday_CMP-01177,2023-10-06,2023-10-17,TikTok,78834,3929,731589,584.0,False,TI,BlackFriday
1177,CMP-01178,Q1_Launch_CMP-01178,2023-07-15,2023-07-25,TikTok,15153,187,16154,17.0,False,TI,Launch
1178,CMP-01179,Q2_Summer_CMP-01179,2023-05-15,2023-06-11,Email,77325,783,49874,104.0,True,EM,Summer
1179,CMP-01180,Q4_Winter_CMP-01180,2023-05-18,2023-06-05,Email,13999,498,48706,45.0,True,E-,Winter
1180,CMP-01181,Q3_BlackFriday_CMP-01181,2023-12-23,2024-01-12,TikTok,56318,1235,81141,126.0,False,TI,BlackFriday
1181,CMP-01182,Q4_BlackFriday_CMP-01182,2023-06-26,2023-07-07,TikTok,1814,35,2425,6.0,False,TI,BlackFriday
1182,CMP-01183,Q1_Winter_CMP-01183,2023-10-29,2023-11-28,Email,77077,1732,235686,140.0,False,EM,Winter
1183,CMP-01184,Q2_Summer_CMP-01184,2023-07-18,2023-07-28,Facebook,91474,1851,109459,,False,FA,Summer
1184,CMP-01185,Q3_Winter_CMP-01185,2023-10-02,2023-10-30,Google Ads,3443,38,2076,2.0,True,GO,Winter
1185,CMP-01186,Q1_BlackFriday_CMP-01186,2023-10-21,2023-11-20,Facebook,76993,3761,591087,239.0,True,FA,BlackFriday
1186,CMP-01187,Q4_Launch_CMP-01187,2023-02-10,2023-02-27,Email,76916,1448,15095,258.0,True,EM,Launch
1187,CMP-01188,Q3_Launch_CMP-01188,2023-01-18,2023-02-03,Email,74319,2925,201258,422.0,False,EM,Launch
1188,CMP-01189,Q4_Summer_CMP-01189,2023-10-20,2023-11-02,Instagram,18368,743,65415,120.0,False,IN,Summer
1189,CMP-01190,Q3_BlackFriday_CMP-01190,2023-03-03,2023-03-28,,16328,770,112661,62.0,True,XX,BlackFriday
1190,CMP-01191,Q3_BlackFriday_CMP-01191,2023-03-27,2023-04-24,Google Ads,57942,650,59365,84.0,False,GO,BlackFriday
1191,CMP-01192,Q4_Winter_CMP-01192,2023-06-03,2023-07-03,TikTok,92751,4162,51683,668.0,False,TI,Winter
1192,CMP-01193,Q4_Launch_CMP-01193,2023-02-10,2023-03-05,TikTok,28306,880,60064,126.0,False,TI,Launch
1193,CMP-01194,Q2_Winter_CMP-01194,2023-11-18,2023-12-07,Instagram,86451,3051,421691,,True,IN,Winter
1194,CMP-01195,Q4_BlackFriday_CMP-01195,2023-06-13,2023-07-06,Facebook,40915,1463,142513,283.0,False,FA,BlackFriday
1195,CMP-01196,Q4_Summer_CMP-01196,2023-04-02,2023-05-02,Email,38219,1635,235514,247.0,True,INVALID,Summer
1196,CMP-01197,Q1_Launch_CMP-01197,2023-10-12,2023-11-11,Google Ads,81879,1910,327105,355.0,True,GO,Launch
1197,CMP-01198,Q3_Summer_CMP-01198,2023-05-22,2023-06-13,Email,65644,2581,365849,411.0,True,EM,Summer
1198,CMP-01199,Q2_BlackFriday_CMP-01199,2023-01-07,2023-01-27,Instagram,61279,1908,180043,,True,IN,BlackFriday
1199,CMP-01200,Q3_BlackFriday_CMP-01200,2023-09-25,2023-10-15,Email,54028,2254,199167,139.0,False,EM,BlackFriday
1200,CMP-01201,Q3_Launch_CMP-01201,2023-03-18,2023-04-09,Google Ads,1126,55,5451,5.0,False,GO,Launch
1201,CMP-01202,Q4_Summer_CMP-01202,2023-02-21,2023-03-19,Email,53329,961,7178,171.0,False,EM,Summer
1202,CMP-01203,Q2_Winter_CMP-01203,2023-02-21,2023-03-12,Instagram,28632,1425,109975,,False,IN,Winter
1203,CMP-01204,Q3_Launch_CMP-01204,2023-06-26,2023-07-01,Email,66310,901,151912,60.0,False,EM,Launch
1204,CMP-01205,Q4_Summer_CMP-01205,2023-12-02,2023-12-18,Email,56176,566,60964,55.0,False,EM,Summer
1205,CMP-01206,Q3_Launch_CMP-01206,2023-01-20,2023-01-31,TikTok,87066,1024,118169,,False,TI,Launch
1206,CMP-01207,Q2_Launch_CMP-01207,2023-11-13,2023-11-16,Instagram,45327,1072,149123,202.0,True,IN,Launch
1207,CMP-01208,Q2_Launch_CMP-01208,2023-01-20,2023-02-12,Instagram,69904,2468,34169,444.0,True,IN,Launch
1208,CMP-01209,Q1_Summer_CMP-01209,2023-12-20,2024-01-05,Google Ads,4797,61,3666,7.0,False,GO,Summer
1209,CMP-01210,Q4_Winter_CMP-01210,2023-05-18,2023-05-29,TikTok,48882,499,87191,29.0,False,TI,Winter
1210,CMP-01211,Q2_Summer_CMP-01211,2023-06-05,2023-06-23,TikTok,14718,698,53466,109.0,False,TI,Summer
1211,CMP-01212,Q3_Winter_CMP-01212,2023-12-23,2024-01-09,Google Ads,35560,1524,241494,,True,GO,Winter
1212,CMP-01213,Q2_Launch_CMP-01213,2023-04-27,2023-05-17,Email,77589,3287,545315,642.0,True,EM,Launch
1213,CMP-01214,Q4_BlackFriday_CMP-01214,2023-08-15,2023-09-05,,23116,1048,164782,140.0,False,XX,BlackFriday
1214,CMP-01215,Q2_Launch_CMP-01215,2023-08-02,2023-09-01,Google Ads,37244,1415,193638,142.0,True,GO,Launch
1215,CMP-01216,Q3_BlackFriday_CMP-01216,2023-08-15,2023-08-24,TikTok,2645,37,1931,,False,TI,BlackFriday
1216,CMP-01217,Q3_Summer_CMP-01217,2023-09-06,2023-09-27,Facebook,48523,1259,131007,247.0,True,FA,Summer
1217,CMP-01218,Q3_Launch_CMP-01218,2023-01-29,2023-02-07,Facebook,20256,788,110892,121.0,True,FA,Launch
1218,CMP-01219,Q2_Launch_CMP-01219,2023-06-09,2023-07-09,Instagram,54173,1149,124227,173.0,False,IN,Launch
1219,CMP-01220,Q4_Launch_CMP-01220,2023-09-26,2023-10-05,Instagram,38430,1440,258512,123.0,False,IN,Launch
1220,CMP-01221,Q3_Launch_CMP-01221,2023-04-09,2023-05-07,,40282,442,42574,71.0,True,XX,Launch
1221,CMP-01222,Q2_Winter_CMP-01222,2023-01-30,2023-02-09,TikTok,64374,1432,134651,232.0,True,TI,Winter
1222,CMP-01223,Q4_BlackFriday_CMP-01223,2023-07-04,2023-07-24,Instagram,69244,2213,198948,215.0,True,IN,BlackFriday
1223,CMP-01224,Q1_BlackFriday_CMP-01224,2023-08-26,2023-09-12,Facebook,12694,447,44663,54.0,True,FA,BlackFriday
1224,CMP-01225,Q4_Winter_CMP-01225,2023-03-05,2023-03-13,Facebook,57264,1894,253059,178.0,False,FA,Winter
1225,CMP-01226,Q1_Launch_CMP-01226,2023-09-08,2023-09-19,Email,76060,2883,449899,256.0,False,EM,Launch
1226,CMP-01227,Q4_Launch_CMP-01227,2023-08-31,2023-09-30,Google Ads,98416,1008,15058,,True,GO,Launch
1227,CMP-01228,Q4_Winter_CMP-01228,2023-03-25,2023-04-23,Email,58545,821,14052,76.0,True,EM,Winter
1228,CMP-01229,Q1_Winter_CMP-01229,2023-12-19,2023-12-30,Google Ads,40224,1800,329197,239.0,False,GO,Winter
1229,CMP-01230,Q2_Summer_CMP-01230,2023-01-15,2023-02-14,Facebook,98945,3687,635683,185.0,True,FA,Summer
1230,CMP-01231,Q4_Summer_CMP-01231,2023-10-20,2023-10-28,,14224,206,10885,19.0,False,XX,Summer
1231,CMP-01232,Q3_Winter_CMP-01232,2023-04-24,2023-05-13,Google Ads,41738,1823,292387,332.0,False,INVALID,Winter
1232,CMP-01233,Q2_Launch_CMP-01233,2023-05-18,2023-05-25,Google Ads,26150,514,41768,71.0,True,GO,Launch
1233,CMP-01234,Q1_BlackFriday_CMP-01234,2023-12-16,2023-12-28,Instagram,64731,1885,131835,266.0,False,IN,BlackFriday
1234,CMP-01235,Q1_Launch_CMP-01235,2023-03-09,2023-03-19,Facebook,50688,801,116764,88.0,False,FA,Launch
1235,CMP-01236,Q2_Winter_CMP-01236,2023-01-05,2023-01-12,Google Ads,74509,2861,280268,433.0,True,GO,Winter
1236,CMP-01237,Q4_BlackFriday_CMP-01237,2023-06-06,2023-07-03,Facebook,9577,351,20557,27.0,False,FA,BlackFriday
1237,CMP-01238,Q2_Winter_CMP-01238,2023-05-21,2023-06-01,Instagram,9070,167,11798,28.0,True,IN,Winter
1238,CMP-01239,Q4_Winter_CMP-01239,2023-06-28,2023-07-15,Facebook,9666,430,2156,29.0,False,FA,Winter
1239,CMP-01240,Q3_Winter_CMP-01240,2023-06-04,2023-06-26,Instagram,58761,1530,28379,227.0,False,IN,Winter
1240,CMP-01241,Q3_Summer_CMP-01241,2023-07-23,2023-08-06,Instagram,37368,810,43491,81.0,False,IN,Summer
1241,CMP-01242,Q1_Winter_CMP-01242,2023-12-06,2023-12-15,Google Ads,7783,125,10177,20.0,False,GO,Winter
1242,CMP-01243,Q4_Launch_CMP-01243,2023-10-15,2023-10-24,Email,42914,886,99621,117.0,True,EM,Launch
1243,CMP-01244,Q2_Launch_CMP-01244,2023-06-02,2023-06-22,Email,71507,778,80512,91.0,True,INVALID,Launch
1244,CMP-01245,Q2_Winter_CMP-01245,2023-06-22,2023-07-06,Facebook,80026,2667,498086,201.0,False,FA,Winter
1245,CMP-01246,Q4_Summer_CMP-01246,2023-05-22,2023-06-13,Instagram,68526,2993,167738,435.0,False,IN,Summer
1246,CMP-01247,Q3_Winter_CMP-01247,2023-11-30,2023-12-22,Instagram,71835,2295,29108,450.0,False,IN,Winter
1247,CMP-01248,Q2_Launch_CMP-01248,2023-05-04,2023-05-11,Google Ads,46765,877,133367,152.0,False,GO,Launch
1248,CMP-01249,Q1_Summer_CMP-01249,2023-11-04,2023-11-29,TikTok,20956,237,44972,13.0,False,TI,Summer
1249,CMP-01250,Q1_Launch_CMP-01250,2023-03-13,2023-04-02,Instagram,88895,1652,236328,175.0,False,IN,Launch
1250,CMP-01251,Q4_Launch_CMP-01251,2023-06-01,2023-06-30,Email,47240,1258,214569,237.0,False,EM,Launch
1251,CMP-01252,Q1_Launch_CMP-01252,2023-07-18,2023-08-13,Email,38148,1540,9634,193.0,True,EM,Launch
1252,CMP-01253,Q3_Summer_CMP-01253,2023-10-20,2023-10-25,Instagram,95270,1668,179962,249.0,True,IN,Summer
1253,CMP-01254,Q1_Launch_CMP-01254,2024-01-01,2024-01-27,Facebook,5757,223,23659,41.0,False,FA,Launch
1254,CMP-01255,Q4_Summer_CMP-01255,2023-09-01,2023-09-26,Google Ads,20097,897,16410,162.0,False,GO,Summer
1255,CMP-01256,Q3_Launch_CMP-01256,2023-09-17,2023-10-10,Email,11395,320,23266,40.0,True,EM,Launch
1256,CMP-01257,Q1_BlackFriday_CMP-01257,2023-12-03,2023-12-13,TikTok,17241,738,53714,,False,TI,BlackFriday
1257,CMP-01258,Q4_Launch_CMP-01258,2023-02-19,2023-02-26,Facebook,28696,923,91639,93.0,False,FA,Launch
1258,CMP-01259,Q4_Summer_CMP-01259,2023-10-14,2023-11-05,Email,71480,2536,147519,400.0,True,EM,Summer
1259,CMP-01260,Q1_Winter_CMP-01260,2023-12-15,2024-01-06,Email,47163,1464,113268,136.0,False,EM,Winter
1260,CMP-01261,Q3_Summer_CMP-01261,2023-04-24,2023-05-06,Email,20816,593,115505,51.0,True,EM,Summer
1261,CMP-01262,Q2_BlackFriday_CMP-01262,2023-06-07,2023-06-30,Email,50840,985,112514,101.0,True,EM,BlackFriday
1262,CMP-01263,Q4_BlackFriday_CMP-01263,2023-07-10,2023-07-28,Google Ads,53853,1191,17246,91.0,False,GO,BlackFriday
1263,CMP-01264,Q2_Winter_CMP-01264,2023-03-02,2023-03-20,Email,25917,559,88834,86.0,False,EM,Winter
1264,CMP-01265,Q4_Winter_CMP-01265,2023-10-26,2023-11-06,TikTok,97731,3179,333936,,True,TI,Winter
1265,CMP-01266,Q3_Summer_CMP-01266,2023-08-30,2023-09-06,Email,22566,333,24004,40.0,False,EM,Summer
1266,CMP-01267,Q3_Summer_CMP-01267,2023-12-15,2024-01-10,Email,76452,3568,288962,387.0,False,EM,Summer
1267,CMP-01268,Q4_Launch_CMP-01268,2023-01-28,2023-02-12,Instagram,63823,2478,240341,461.0,False,IN,Launch
1268,CMP-01269,Q2_BlackFriday_CMP-01269,2023-04-13,2023-05-02,Instagram,21806,568,82593,30.0,True,IN,BlackFriday
1269,CMP-01270,Q3_BlackFriday_CMP-01270,2023-08-23,2023-09-09,Instagram,76520,1250,137178,206.0,False,IN,BlackFriday
1270,CMP-01271,Q4_BlackFriday_CMP-01271,2023-04-03,2023-04-09,Google Ads,2759,124,6327,22.0,True,GO,BlackFriday
1271,CMP-01272,Q4_BlackFriday_CMP-01272,2023-11-20,2023-11-24,TikTok,42949,1844,236974,215.0,True,TI,BlackFriday
1272,CMP-01273,Q3_Summer_CMP-01273,2023-01-30,2023-02-23,Google Ads,93374,3629,683076,481.0,False,GO,Summer
1273,CMP-01274,Q2_Winter_CMP-01274,2023-05-21,2023-06-14,Facebook,3482,72,1237,13.0,True,FA,Winter
1274,CMP-01275,Q3_Summer_CMP-01275,2023-10-23,2023-11-21,Facebook,25442,663,115217,54.0,False,FA,Summer
1275,CMP-01276,Q2_BlackFriday_CMP-01276,2023-02-15,2023-02-25,Email,34719,489,82768,62.0,True,EM,BlackFriday
1276,CMP-01277,Q3_BlackFriday_CMP-01277,2023-08-08,2023-08-29,Email,59066,1037,102206,125.0,True,E-,BlackFriday
1277,CMP-01278,Q3_Winter_CMP-01278,2023-07-16,2023-07-24,Email,94501,3904,643298,346.0,False,EM,Winter
1278,CMP-01279,Q3_Launch_CMP-01279,2023-10-01,2023-10-08,TikTok,3079,118,8434,20.0,False,TI,Launch
1279,CMP-01280,Q4_BlackFriday_CMP-01280,2023-01-08,2023-01-28,TikTok,3717,125,18582,23.0,True,TI,BlackFriday
1280,CMP-01281,Q2_Winter_CMP-01281,2023-09-29,2023-10-25,TikTok,60676,2780,406534,465.0,False,TI,Winter
1281,CMP-01282,Q2_BlackFriday_CMP-01282,2023-11-17,2023-12-08,TikTok,28952,964,51897,76.0,False,TI,BlackFriday
1282,CMP-01283,Q4_BlackFriday_CMP-01283,2023-06-26,2023-07-23,TikTok,87444,2507,421666,157.0,True,TI,BlackFriday
1283,CMP-01284,Q2_Summer_CMP-01284,2023-09-15,2023-09-26,Facebook,43460,1026,19031,144.0,True,FA,Summer
1284,CMP-01285,Q2_BlackFriday_CMP-01285,2023-01-24,2023-01-30,Facebook,91397,4352,392169,254.0,True,FA,BlackFriday
1285,CMP-01286,Q2_Summer_CMP-01286,2023-09-24,2023-10-23,Email,73847,982,168765,148.0,False,EM,Summer
1286,CMP-01287,Q3_BlackFriday_CMP-01287,2023-12-18,2024-01-08,Facebook,94607,4468,278628,578.0,False,FA,BlackFriday
1287,CMP-01288,Q4_Launch_CMP-01288,2023-09-08,2023-10-04,Instagram,90106,3880,543181,579.0,True,IN,Launch
1288,CMP-01289,Q2_BlackFriday_CMP-01289,2023-07-26,2023-08-11,Facebook,19449,295,3624,40.0,True,FA,BlackFriday
1289,CMP-01290,Q2_BlackFriday_CMP-01290,2023-04-25,2023-05-07,Email,34536,1125,148375,127.0,True,EM,BlackFriday
1290,CMP-01291,Q3_Launch_CMP-01291,2023-01-12,2023-01-20,Instagram,65077,2906,549033,232.0,False,IN,Launch
1291,CMP-01292,Q4_Winter_CMP-01292,2023-07-07,2023-07-20,Google Ads,39258,1290,23310,123.0,False,GO,Winter
1292,CMP-01293,Q4_Winter_CMP-01293,2023-07-12,2023-07-28,Google Ads,49302,2282,382834,293.0,True,GO,Winter
1293,CMP-01294,Q4_Launch_CMP-01294,2023-10-01,2023-10-24,Email,29865,1425,129753,210.0,False,EM,Launch
1294,CMP-01295,Q1_Summer_CMP-01295,2023-01-25,2023-02-03,Email,7645,205,38288,34.0,False,EM,Summer
1295,CMP-01296,Q3_Winter_CMP-01296,2023-11-01,2023-12-01,Facebook,39000,978,63204,,False,FA,Winter
1296,CMP-01297,Q3_Winter_CMP-01297,2023-03-01,2023-03-20,Google Ads,27737,1316,234247,257.0,True,INVALID,Winter
1297,CMP-01298,Q2_Winter_CMP-01298,2023-10-08,2023-10-23,TikTok,12485,462,45841,42.0,False,TI,Winter
1298,CMP-01299,Q3_Summer_CMP-01299,2023-04-16,2023-05-04,Email,39565,579,3362,35.0,False,EM,Summer
1299,CMP-01300,Q2_BlackFriday_CMP-01300,2023-06-04,2023-06-15,Facebook,26522,310,46625,31.0,False,FA,BlackFriday
1300,CMP-01301,Q4_Launch_CMP-01301,2023-09-24,2023-09-29,Email,66155,2155,182511,348.0,True,EM,Launch
1301,CMP-01302,Q1_Winter_CMP-01302,2023-03-12,2023-03-21,Instagram,56168,2651,229406,306.0,False,IN,Winter
1302,CMP-01303,Q2_BlackFriday_CMP-01303,2023-09-19,2023-10-09,Instagram,53487,2341,224518,404.0,False,IN,BlackFriday
1303,CMP-01304,Q1_Launch_CMP-01304,2023-02-28,2023-03-03,Instagram,13342,494,29419,65.0,False,IN,Launch
1304,CMP-01305,Q1_BlackFriday_CMP-01305,2023-11-08,2023-11-17,Email,41806,650,4977,123.0,False,EM,BlackFriday
1305,CMP-01306,Q1_BlackFriday_CMP-01306,2023-09-25,2023-09-29,Email,49770,1003,50923,192.0,True,EM,BlackFriday
1306,CMP-01307,Q1_Summer_CMP-01307,2023-07-29,2023-08-11,TikTok,79623,3584,418652,216.0,False,TI,Summer
1307,CMP-01308,Q4_Winter_CMP-01308,2023-09-12,2023-10-09,Facebook,76629,1326,83058,157.0,False,FA,Winter
1308,CMP-01309,Q2_BlackFriday_CMP-01309,2023-09-04,2023-10-04,Instagram,53603,1133,172667,160.0,False,INVALID,BlackFriday
1309,CMP-01310,Q2_Winter_CMP-01310,2023-10-12,2023-12-23,TikTok,82974,1259,107447,111.0,False,TI,Winter
1310,CMP-01311,Q2_Launch_CMP-01311,2023-02-26,2023-02-27,TikTok,27399,1014,194218,112.0,False,TI,Launch
1311,CMP-01312,Q2_Summer_CMP-01312,2023-03-18,2023-03-21,Facebook,86382,4125,745337,625.0,False,INVALID,Summer
1312,CMP-01313,Q3_BlackFriday_CMP-01313,2023-02-08,2023-02-15,Email,82244,1707,159461,143.0,True,EM,BlackFriday
1313,CMP-01314,Q1_Winter_CMP-01314,2023-05-12,2023-06-07,Google Ads,77534,2249,376668,315.0,False,GO,Winter
1314,CMP-01315,Q1_Winter_CMP-01315,2023-06-01,2023-07-01,Facebook,56106,1984,338246,306.0,False,FA,Winter
1315,CMP-01316,Q3_Summer_CMP-01316,2023-03-31,2023-04-09,Google Ads,31678,1583,313409,100.0,False,GO,Summer
1316,CMP-01317,Q2_Winter_CMP-01317,2023-07-04,2023-08-03,,77218,1095,152945,136.0,False,XX,Winter
1317,CMP-01318,Q2_Launch_CMP-01318,2023-01-03,2023-03-17,TikTok,64230,1923,-119793,172.0,True,TI,Launch
1318,CMP-01319,Q4_Summer_CMP-01319,2023-01-24,2023-02-08,Email,75055,1906,280231,302.0,False,EM,Summer
1319,CMP-01320,Q1_BlackFriday_CMP-01320,2023-03-12,2023-04-11,Email,57373,2560,367992,200.0,False,E-,BlackFriday
1320,CMP-01321,Q1_Winter_CMP-01321,2023-07-03,2023-07-21,Facebook,32480,943,137445,173.0,True,FA,Winter
1321,CMP-01322,Q4_Summer_CMP-01322,2023-05-18,2023-06-06,Instagram,86230,1245,119609,142.0,False,IN,Summer
1322,CMP-01323,Q4_Summer_CMP-01323,2023-06-25,2023-07-22,Google Ads,69836,2470,442011,196.0,True,GO,Summer
1323,CMP-01324,Q4_Winter_CMP-01324,2023-08-22,2023-08-31,Email,73258,2991,580017,346.0,False,EM,Winter
1324,CMP-01325,Q1_Winter_CMP-01325,2023-09-02,2023-09-19,Email,40986,414,3422,46.0,False,EM,Winter
1325,CMP-01326,Q4_BlackFriday_CMP-01326,2023-03-27,2023-04-15,TikTok,25160,1116,70557,127.0,True,TI,BlackFriday
1326,CMP-01327,Q1_Launch_CMP-01327,2023-01-31,2023-02-14,TikTok,86595,1510,119562,208.0,False,TI,Launch
1327,CMP-01328,Q1_Launch_CMP-01328,2023-02-23,2023-03-02,TikTok,80111,2570,444823,329.0,True,INVALID,Launch
1328,CMP-01329,Q2_Launch_CMP-01329,2023-10-19,2023-10-28,Facebook,65929,1755,265877,,True,FA,Launch
1329,CMP-01330,Q1_BlackFriday_CMP-01330,2023-07-14,2023-07-16,TikTok,74506,2889,420081,,False,TI,BlackFriday
1330,CMP-01331,Q4_BlackFriday_CMP-01331,2023-12-17,2023-12-31,Google Ads,35911,892,9836,142.0,False,GO,BlackFriday
1331,CMP-01332,Q4_Winter_CMP-01332,2023-03-08,2023-03-29,Facebook,88127,3947,539453,528.0,False,FA,Winter
1332,CMP-01333,Q3_Launch_CMP-01333,2023-07-30,2023-08-15,Insta_gram,32821,1287,123785,133.0,False,IN,Launch
1333,CMP-01334,Q3_BlackFriday_CMP-01334,2023-12-02,2023-12-22,Email,76039,2730,331913,467.0,False,EM,BlackFriday
1334,CMP-01335,Q3_Winter_CMP-01335,2023-12-14,2023-12-18,Instagram,61535,2575,435071,278.0,True,IN,Winter
1335,CMP-01336,Q3_BlackFriday_CMP-01336,2023-10-17,2023-11-02,TikTok,85458,3432,676743,581.0,False,TI,BlackFriday
1336,CMP-01337,Q3_Launch_CMP-01337,2023-06-23,2023-07-07,Instagram,13175,150,28481,,False,IN,Launch
1337,CMP-01338,Q1_Winter_CMP-01338,2023-11-13,2023-11-26,Email,55771,1438,273335,87.0,True,EM,Winter
1338,CMP-01339,Q4_Summer_CMP-01339,2023-12-05,2023-12-16,Facebook,87925,4152,458105,788.0,True,FA,Summer
1339,CMP-01340,Q3_Launch_CMP-01340,2023-12-06,2024-01-05,Facebook,67358,1012,121762,110.0,False,FA,Launch
1340,CMP-01341,Q4_Winter_CMP-01341,2023-10-13,2023-10-18,TikTok,18327,723,112676,122.0,True,TI,Winter
1341,CMP-01342,Q2_Summer_CMP-01342,2023-01-06,2023-01-12,Facebook,48057,2354,443326,216.0,False,FA,Summer
1342,CMP-01343,Q4_BlackFriday_CMP-01343,2023-08-29,2023-09-02,TikTok,7150,86,6132,12.0,False,TI,BlackFriday
1343,CMP-01344,Q1_Launch_CMP-01344,2023-02-08,2023-02-20,Facebook,5425,202,19319,36.0,True,FA,Launch
1344,CMP-01345,Q3_Winter_CMP-01345,2023-06-19,2023-07-14,Instagram,17032,489,34664,27.0,True,IN,Winter
1345,CMP-01346,Q2_Summer_CMP-01346,2023-04-25,2023-05-21,Instagram,3198,106,15031,18.0,True,IN,Summer
1346,CMP-01347,Q2_Winter_CMP-01347,2023-01-05,2023-02-04,TikTok,61500,824,79059,111.0,True,TI,Winter
1347,CMP-01348,Q3_BlackFriday_CMP-01348,2023-08-16,2023-08-18,Email,54394,637,6301,89.0,False,EM,BlackFriday
1348,CMP-01349,Q3_Launch_CMP-01349,2023-09-13,2023-10-11,Email,21079,773,46873,99.0,True,EM,Launch
1349,CMP-01350,Q1_BlackFriday_CMP-01350,2023-09-12,2023-12-12,TikTok,37220,1597,163644,289.0,True,TI,BlackFriday
1350,CMP-01351,Q2_Winter_CMP-01351,2023-07-26,2023-08-04,Facebook,42874,1769,317313,,False,FA,Winter
1351,CMP-01352,Q3_Winter_CMP-01352,2023-01-01,2023-01-05,TikTok,14859,471,40017,41.0,False,TI,Winter
1352,CMP-01353,Q2_Launch_CMP-01353,2023-11-13,2023-12-01,TikTok,51460,720,11108,130.0,False,TI,Launch
1353,CMP-01354,Q2_Winter_CMP-01354,2023-10-15,2023-11-02,Instagram,32419,1216,175644,198.0,True,INVALID,Winter
1354,CMP-01355,Q2_BlackFriday_CMP-01355,2023-06-24,2023-07-03,Email,9705,190,34109,10.0,True,EM,BlackFriday
1355,CMP-01356,Q4_Launch_CMP-01356,2023-04-25,2023-04-30,TikTok,43880,2037,142271,,False,TI,Launch
1356,CMP-01357,Q3_Winter_CMP-01357,2023-11-14,2023-12-10,Facebook,24236,1055,207454,,False,FA,Winter
1357,CMP-01358,Q3_Launch_CMP-01358,2023-07-06,2023-07-10,Google Ads,88955,3413,468927,375.0,True,GO,Launch
1358,CMP-01359,Q3_BlackFriday_CMP-01359,2023-12-04,2024-01-03,TikTok,86514,4148,820312,,False,TI,BlackFriday
1359,CMP-01360,Q2_BlackFriday_CMP-01360,2023-11-21,2023-12-15,Google Ads,16358,184,34358,28.0,False,GO,BlackFriday
1360,CMP-01361,Q3_BlackFriday_CMP-01361,2023-09-25,2023-10-25,Instagram,95914,3783,31485,307.0,True,IN,BlackFriday
1361,CMP-01362,Q3_Launch_CMP-01362,2023-03-26,2023-04-09,,77918,1808,105631,307.0,True,XX,Launch
1362,CMP-01363,Q3_Launch_CMP-01363,2023-07-29,2023-08-05,TikTok,15596,721,63697,122.0,True,TI,Launch
1363,CMP-01364,Q4_Launch_CMP-01364,2023-04-07,2023-04-09,Instagram,34572,714,92202,80.0,False,IN,Launch
1364,CMP-01365,Q1_Launch_CMP-01365,2023-04-21,2023-05-20,Facebook,79757,3110,23555,287.0,False,FA,Launch
1365,CMP-01366,Q1_Launch_CMP-01366,2023-06-23,2023-07-15,Facebook,2279,102,7662,9.0,True,FA,Launch
1366,CMP-01367,Q3_Winter_CMP-01367,2023-11-21,2023-12-10,,64197,748,89303,91.0,False,XX,Winter
1367,CMP-01368,Q4_BlackFriday_CMP-01368,2023-08-19,2023-08-21,Email,63516,1645,90459,259.0,False,EM,BlackFriday
1368,CMP-01369,Q1_Winter_CMP-01369,2023-09-16,2023-09-17,Facebook,8083,327,22329,33.0,True,FA,Winter
1369,CMP-01370,Q2_BlackFriday_CMP-01370,2023-09-29,2023-10-03,Instagram,18771,529,59449,74.0,False,IN,BlackFriday
1370,CMP-01371,Q3_BlackFriday_CMP-01371,2023-08-10,2023-08-21,TikTok,30975,640,3806,68.0,False,TI,BlackFriday
1371,CMP-01372,Q1_BlackFriday_CMP-01372,2023-09-18,2023-10-08,Email,46648,876,95934,83.0,True,EM,BlackFriday
1372,CMP-01373,Q4_Launch_CMP-01373,2023-12-21,2024-01-14,Google Ads,49285,752,91068,40.0,False,GO,Launch
1373,CMP-01374,Q3_Winter_CMP-01374,2023-03-07,2023-03-16,Facebook,20063,888,104509,44.0,False,FA,Winter
1374,CMP-01375,Q2_Launch_CMP-01375,2023-11-07,2023-11-17,Google Ads,68642,2266,408733,190.0,False,GO,Launch
1375,CMP-01376,Q3_Summer_CMP-01376,2023-07-16,2023-07-30,Instagram,91093,1189,153987,131.0,False,IN,Summer
1376,CMP-01377,Q1_Winter_CMP-01377,2023-12-21,2023-12-29,Email,87143,2204,264914,391.0,True,INVALID,Winter
1377,CMP-01378,Q2_BlackFriday_CMP-01378,2023-06-25,2023-07-03,Facebook,38599,953,106361,,False,FA,BlackFriday
1378,CMP-01379,Q4_Launch_CMP-01379,2023-03-10,2023-03-18,TikTok,52920,913,157624,82.0,False,TI,Launch
1379,CMP-01380,Q1_Launch_CMP-01380,2023-09-20,2023-10-10,TikTok,29529,809,149065,70.0,False,TI,Launch
1380,CMP-01381,Q4_Winter_CMP-01381,2023-06-10,2023-06-30,TikTok,36954,860,153068,72.0,False,TI,Winter
1381,CMP-01382,Q3_Launch_CMP-01382,2023-11-20,2023-12-09,Google Ads,28856,683,103155,68.0,True,GO,Launch
1382,CMP-01383,Q1_Summer_CMP-01383,2024-01-01,2024-01-26,Instagram,3573,141,9955,17.0,True,IN,Summer
1383,CMP-01384,Q1_BlackFriday_CMP-01384,2023-12-11,2023-12-20,TikTok,79344,1502,137479,173.0,False,TI,BlackFriday
1384,CMP-01385,Q3_BlackFriday_CMP-01385,2023-04-02,2023-05-02,Facebook,36367,1297,73812,107.0,False,FA,BlackFriday
1385,CMP-01386,Q4_BlackFriday_CMP-01386,2023-06-15,2023-07-03,Instagram,61774,2027,384367,141.0,False,IN,BlackFriday
1386,CMP-01387,Q1_Launch_CMP-01387,2023-10-15,2023-10-27,TikTok,24752,809,120638,41.0,True,TI,Launch
1387,CMP-01388,Q2_Summer_CMP-01388,2023-12-08,2024-01-04,,56029,2046,331359,149.0,True,XX,Summer
1388,CMP-01389,Q3_Launch_CMP-01389,2023-10-01,2023-10-09,Instagram,18685,596,57655,92.0,False,IN,Launch
1389,CMP-01390,Q2_Winter_CMP-01390,2023-01-07,2023-07-06,Email,52693,2380,420898,205.0,False,EM,Winter
1390,CMP-01391,Q3_Winter_CMP-01391,2023-03-16,2023-03-17,Google Ads,56961,2108,187487,253.0,False,INVALID,Winter
1391,CMP-01392,Q1_Launch_CMP-01392,2023-01-29,2023-02-16,TikTok,77908,2483,124762,,False,TI,Launch
1392,CMP-01393,Q2_BlackFriday_CMP-01393,2023-03-24,2023-04-12,Facebook,75532,3262,34728,597.0,True,FA,BlackFriday
1393,CMP-01394,Q3_BlackFriday_CMP-01394,2023-03-16,2023-03-27,Instagram,82994,2842,385416,521.0,True,IN,BlackFriday
1394,CMP-01395,Q1_Winter_CMP-01395,2023-06-01,2023-06-26,Instagram,57133,1236,150552,200.0,True,IN,Winter
1395,CMP-01396,Q1_BlackFriday_CMP-01396,2023-07-03,2023-07-11,Facebook,98425,1799,322581,,False,FA,BlackFriday
1396,CMP-01397,Q3_Launch_CMP-01397,2023-12-12,2023-12-18,Email,62268,1002,65942,136.0,False,EM,Launch
1397,CMP-01398,Q2_Winter_CMP-01398,2023-11-28,2023-12-24,Facebook,93201,4285,57022,,True,FA,Winter
1398,CMP-01399,Q3_Launch_CMP-01399,2023-12-23,2024-01-19,Email,39243,1507,191309,79.0,False,INVALID,Launch
1399,CMP-01400,Q2_Launch_CMP-01400,2023-07-15,2023-07-28,Facebook,58384,2772,255603,367.0,False,FA,Launch
1400,CMP-01401,Q3_BlackFriday_CMP-01401,2023-12-17,2023-12-24,Google Ads,32653,1114,193094,199.0,False,GO,BlackFriday
1401,CMP-01402,Q2_BlackFriday_CMP-01402,2023-01-07,2023-01-25,Email,27657,800,130342,96.0,True,E-,BlackFriday
1402,CMP-01403,Q3_Summer_CMP-01403,2023-08-15,2023-09-04,TikTok,40952,507,81084,25.0,True,TI,Summer
1403,CMP-01404,Q2_Summer_CMP-01404,2023-12-27,2023-12-28,Instagram,23180,854,15494,44.0,False,IN,Summer
1404,CMP-01405,Q4_Launch_CMP-01405,2023-10-29,2023-11-04,Instagram,98432,3276,518976,,False,IN,Launch
1405,CMP-01406,Q4_Launch_CMP-01406,2023-04-10,2023-04-13,Facebook,79411,3939,333933,288.0,True,FA,Launch
1406,CMP-01407,Q1_Summer_CMP-01407,2023-12-16,2024-01-04,Facebook,2622,51,7948,7.0,True,FA,Summer
1407,CMP-01408,Q3_Summer_CMP-01408,2023-03-30,2023-04-23,Instagram,49756,1553,149329,242.0,True,IN,Summer
1408,CMP-01409,Q4_Summer_CMP-01409,2023-01-21,2023-02-10,Facebook,41809,1506,130007,115.0,False,FA,Summer
1409,CMP-01410,Q3_Launch_CMP-01410,2023-03-08,2023-03-17,Facebook,17725,634,-38643,116.0,False,FA,Launch
1410,CMP-01411,Q3_BlackFriday_CMP-01411,2023-01-03,2023-01-29,Instagram,62396,2024,327087,235.0,True,IN,BlackFriday
1411,CMP-01412,Q1_Summer_CMP-01412,2023-03-21,2023-04-06,Facebook,52226,2145,336015,153.0,False,FA,Summer
1412,CMP-01413,Q1_Summer_CMP-01413,2023-06-15,2023-06-19,Facebook,82182,1495,127337,246.0,False,FA,Summer
1413,CMP-01414,Q2_Summer_CMP-01414,2023-11-17,2023-11-21,Google Ads,83565,3261,529609,549.0,True,GO,Summer
1414,CMP-01415,Q4_Winter_CMP-01415,2023-09-09,2023-09-17,Instagram,30402,1057,198374,154.0,False,IN,Winter
1415,CMP-01416,Q1_Launch_CMP-01416,2023-02-07,2023-03-07,Email,5263,241,15955,42.0,True,EM,Launch
1416,CMP-01417,Q3_Launch_CMP-01417,2023-04-23,2023-05-07,TikTok,97523,4280,363353,687.0,True,TI,Launch
1417,CMP-01418,Q4_Winter_CMP-01418,2023-09-16,2023-09-24,Instagram,47828,1081,175705,197.0,False,IN,Winter
1418,CMP-01419,Q3_Summer_CMP-01419,2023-07-26,2023-08-03,Google Ads,48924,1029,-9382,118.0,True,GO,Summer
1419,CMP-01420,Q2_BlackFriday_CMP-01420,2023-04-24,2023-05-09,TikTok,75182,3703,53212,600.0,True,TI,BlackFriday
1420,CMP-01421,Q4_Launch_CMP-01421,2023-06-19,2023-07-09,Facebook,94065,2924,181799,584.0,True,FA,Launch
1421,CMP-01422,Q1_Launch_CMP-01422,2023-11-13,2023-11-19,TikTok,60052,2777,327215,440.0,True,TI,Launch
1422,CMP-01423,Q3_Summer_CMP-01423,2023-11-29,2023-12-28,Google Ads,12664,209,33621,14.0,False,GO,Summer
1423,CMP-01424,Q4_Summer_CMP-01424,2023-12-09,2023-12-15,Google Ads,36737,1311,200553,167.0,True,INVALID,Summer
1424,CMP-01425,Q1_Winter_CMP-01425,2023-11-25,2023-12-25,Instagram,90563,3839,661309,,False,IN,Winter
1425,CMP-01426,Q3_Launch_CMP-01426,2023-01-21,2023-01-29,Email,30373,1454,264072,110.0,True,EM,Launch
1426,CMP-01427,Q2_BlackFriday_CMP-01427,2023-02-28,2023-03-09,Facebook,37397,878,145728,170.0,False,FA,BlackFriday
1427,CMP-01428,Q2_BlackFriday_CMP-01428,2023-05-25,2023-05-29,Email,87145,3398,512208,259.0,False,EM,BlackFriday
1428,CMP-01429,Q4_Winter_CMP-01429,2023-09-22,2023-09-23,Facebook,39709,1252,68557,,True,FA,Winter
1429,CMP-01430,Q3_Winter_CMP-01430,2023-09-18,2023-09-26,TikTok,62120,771,100419,144.0,False,INVALID,Winter
1430,CMP-01431,Q2_Winter_CMP-01431,2023-11-30,2023-12-22,Instagram,20250,761,42353,91.0,True,IN,Winter
1431,CMP-01432,Q2_BlackFriday_CMP-01432,2023-02-19,2023-03-01,Google Ads,22172,833,142618,,True,GO,BlackFriday
1432,CMP-01433,Q2_Summer_CMP-01433,2023-10-03,2023-10-17,,12555,592,5808,82.0,False,XX,Summer
1433,CMP-01434,Q1_Summer_CMP-01434,2023-04-18,2023-05-07,Facebook,88410,2642,354991,370.0,False,FA,Summer
1434,CMP-01435,Q2_BlackFriday_CMP-01435,2023-12-17,2024-01-14,Email,79617,1529,140541,91.0,False,EM,BlackFriday
1435,CMP-01436,Q1_BlackFriday_CMP-01436,2023-10-03,2023-10-23,Email,54276,639,106953,125.0,False,EM,BlackFriday
1436,CMP-01437,Q3_Winter_CMP-01437,2023-08-11,2023-09-08,Instagram,58492,1557,284893,204.0,True,IN,Winter
1437,CMP-01438,Q2_Winter_CMP-01438,2023-12-18,2023-12-31,Facebook,54002,1192,130877,159.0,False,FA,Winter
1438,CMP-01439,Q3_Winter_CMP-01439,2023-06-19,2023-07-04,Email,90599,3664,657462,469.0,False,EM,Winter
1439,CMP-01440,Q4_BlackFriday_CMP-01440,2023-07-02,2023-08-01,Facebook,73355,1773,159679,251.0,False,FA,BlackFriday
1440,CMP-01441,Q2_Winter_CMP-01441,2023-05-09,2023-05-17,TikTok,92248,4424,576001,396.0,True,TI,Winter
1441,CMP-01442,Q3_Summer_CMP-01442,2023-04-27,2023-05-01,Email,25762,1249,223339,116.0,True,EM,Summer
1442,CMP-01443,Q2_Launch_CMP-01443,2023-08-19,2023-09-16,Instagram,12046,419,41432,53.0,False,IN,Launch
1443,CMP-01444,Q1_Launch_CMP-01444,2023-01-09,2023-01-12,Google Ads,97999,4620,820312,790.0,False,GO,Launch
1444,CMP-01445,Q1_Launch_CMP-01445,2023-01-04,2023-01-18,TikTok,29769,1203,82143,69.0,False,TI,Launch
1445,CMP-01446,Q2_Launch_CMP-01446,2023-10-27,2023-11-19,Facebook,54302,1730,91242,243.0,True,FA,Launch
1446,CMP-01447,Q1_Launch_CMP-01447,2023-02-07,2023-02-22,Email,24150,415,77032,70.0,True,EM,Launch
1447,CMP-01448,Q4_Launch_CMP-01448,2023-05-29,2023-06-13,TikTok,69247,1962,118303,144.0,False,TI,Launch
1448,CMP-01449,Q2_Winter_CMP-01449,2023-02-14,2023-02-19,Google Ads,5853,189,3757,9.0,True,GO,Winter
1449,CMP-01450,Q4_Summer_CMP-01450,2023-07-15,2023-08-08,Google Ads,95613,4260,820312,412.0,True,GO,Summer
1450,CMP-01451,Q1_Winter_CMP-01451,2023-08-31,2023-09-29,Facebook,90399,2644,186542,365.0,True,FA,Winter
1451,CMP-01452,Q1_Winter_CMP-01452,2023-07-20,2023-08-02,TikTok,22792,1046,136647,73.0,True,TI,Winter
1452,CMP-01453,Q2_Summer_CMP-01453,2023-06-01,2023-06-29,Google Ads,60129,2223,172812,253.0,True,GO,Summer
1453,CMP-01454,Q4_BlackFriday_CMP-01454,2023-12-13,2024-01-02,Instagram,75478,1168,133413,155.0,True,IN,BlackFriday
1454,CMP-01455,Q3_Launch_CMP-01455,2023-11-28,2023-12-23,Google Ads,68298,3401,201386,475.0,False,INVALID,Launch
1455,CMP-01456,Q2_Winter_CMP-01456,2023-10-11,2023-10-24,Instagram,32987,1025,85678,93.0,False,IN,Winter
1456,CMP-01457,Q1_BlackFriday_CMP-01457,2023-01-22,2023-01-23,Instagram,16850,432,4514,,True,IN,BlackFriday
1457,CMP-01458,Q4_BlackFriday_CMP-01458,2023-11-02,2023-11-20,Instagram,13112,476,-55119,79.0,False,IN,BlackFriday
1458,CMP-01459,Q1_Launch_CMP-01459,2023-02-13,2023-03-10,TikTok,25058,359,70588,68.0,True,TI,Launch
1459,CMP-01460,Q1_Summer_CMP-01460,2023-06-26,2023-07-05,Instagram,46420,1646,281762,,False,IN,Summer
1460,CMP-01461,Q4_Launch_CMP-01461,2023-09-20,2023-09-27,Facebook,39890,1193,820312,160.0,True,FA,Launch
1461,CMP-01462,Q4_Summer_CMP-01462,2023-11-12,2023-12-11,TikTok,67017,1760,229779,,True,TI,Summer
1462,CMP-01463,Q3_BlackFriday_CMP-01463,2023-04-03,2023-05-03,Instagram,48304,2324,409023,,True,IN,BlackFriday
1463,CMP-01464,Q3_Summer_CMP-01464,2023-01-28,2023-02-13,Instagram,33921,1048,105742,72.0,False,IN,Summer
1464,CMP-01465,Q4_BlackFriday_CMP-01465,2023-10-09,2023-10-23,Instagram,2524,47,7348,3.0,False,IN,BlackFriday
1465,CMP-01466,Q2_Summer_CMP-01466,2023-05-29,2023-06-24,Email,16048,455,90576,69.0,False,EM,Summer
1466,CMP-01467,Q4_Launch_CMP-01467,2023-04-12,2023-05-11,Instagram,36111,1689,164161,150.0,False,IN,Launch
1467,CMP-01468,Q1_BlackFriday_CMP-01468,2023-06-19,2023-07-06,Facebook,38904,663,100181,58.0,False,FA,BlackFriday
1468,CMP-01469,Q3_Summer_CMP-01469,2023-05-01,2023-05-12,,55912,1037,183183,207.0,False,XX,Summer
1469,CMP-01470,Q2_Winter_CMP-01470,2023-04-10,2023-04-21,Instagram,35008,368,68953,28.0,False,IN,Winter
1470,CMP-01471,Q2_Summer_CMP-01471,2023-11-12,2023-11-13,,1060,11,1735,0.0,False,XX,Summer
1471,CMP-01472,Q2_Winter_CMP-01472,2023-03-20,2023-04-05,Google Ads,75666,3266,30224,211.0,False,GO,Winter
1472,CMP-01473,Q2_Launch_CMP-01473,2023-06-11,2023-06-28,TikTok,84559,3321,328587,454.0,False,TI,Launch
1473,CMP-01474,Q1_Summer_CMP-01474,2023-06-10,2023-06-30,Instagram,56337,1363,72394,196.0,False,IN,Summer
1474,CMP-01475,Q2_BlackFriday_CMP-01475,2023-11-25,2023-12-08,,14350,544,89288,57.0,False,XX,BlackFriday
1475,CMP-01476,Q3_Launch_CMP-01476,2023-03-10,2023-04-06,Google Ads,25354,654,36893,85.0,True,GO,Launch
1476,CMP-01477,Q2_Launch_CMP-01477,2023-09-03,2023-09-18,Instagram,46186,2222,399289,373.0,False,IN,Launch
1477,CMP-01478,Q2_Winter_CMP-01478,2023-06-06,2023-06-26,TikTok,29145,1418,96139,,True,TI,Winter
1478,CMP-01479,Q2_Winter_CMP-01479,2023-11-27,2023-12-04,TikTok,35020,900,68203,,True,TI,Winter
1479,CMP-01480,Q3_Summer_CMP-01480,2023-03-13,2023-03-25,TikTok,87123,3848,467451,668.0,True,TI,Summer
1480,CMP-01481,Q2_Summer_CMP-01481,2023-11-17,2023-11-22,TikTok,76186,3117,500846,419.0,False,INVALID,Summer
1481,CMP-01482,Q4_Winter_CMP-01482,2023-02-08,2023-03-03,Facebook,86469,1936,137166,148.0,True,FA,Winter
1482,CMP-01483,Q3_Launch_CMP-01483,2023-11-20,2023-11-23,Google Ads,21581,416,4826,27.0,True,GO,Launch
1483,CMP-01484,Q3_BlackFriday_CMP-01484,2023-10-25,2023-11-14,Instagram,89929,2547,311823,148.0,False,IN,BlackFriday
1484,CMP-01485,Q3_Summer_CMP-01485,2023-04-19,2023-05-16,Instagram,24051,992,81188,148.0,False,IN,Summer
1485,CMP-01486,Q1_BlackFriday_CMP-01486,2023-10-06,2023-10-29,TikTok,52474,2540,171028,434.0,True,TI,BlackFriday
1486,CMP-01487,Q1_Launch_CMP-01487,2023-12-01,2023-12-23,Google Ads,92748,3760,659741,474.0,False,GO,Launch
1487,CMP-01488,Q1_Winter_CMP-01488,2023-04-25,2023-05-08,Email,70626,3122,391405,181.0,False,EM,Winter
1488,CMP-01489,Q4_Summer_CMP-01489,2023-05-29,2023-06-04,,7960,271,14135,35.0,True,XX,Summer
1489,CMP-01490,Q4_Winter_CMP-01490,2023-02-16,2023-03-14,TikTok,36772,1596,272034,,False,TI,Winter
1490,CMP-01491,Q2_Summer_CMP-01491,2023-12-06,2023-12-19,Insta_gram,22520,931,183518,130.0,False,IN,Summer
1491,CMP-01492,Q1_BlackFriday_CMP-01492,2023-11-11,2023-11-18,Email,50481,1266,178365,217.0,False,EM,BlackFriday
1492,CMP-01493,Q2_Summer_CMP-01493,2023-03-13,2023-03-20,Google Ads,37408,1200,150668,204.0,False,GO,Summer
1493,CMP-01494,Q4_Summer_CMP-01494,2023-10-17,2023-10-28,TikTok,95006,4008,728504,760.0,True,TI,Summer
1494,CMP-01495,Q1_Launch_CMP-01495,2023-09-05,2023-10-05,Google Ads,58134,688,13270,113.0,True,GO,Launch
1495,CMP-01496,Q4_Launch_CMP-01496,2023-09-07,2023-09-20,Google Ads,21491,909,148331,,True,INVALID,Launch
1496,CMP-01497,Q4_Winter_CMP-01497,2023-04-30,2023-05-09,Email,2341,40,4673,3.0,False,EM,Winter
1497,CMP-01498,Q1_BlackFriday_CMP-01498,2023-04-16,2023-05-16,Facebook,45623,1395,193672,82.0,False,FA,BlackFriday
1498,CMP-01499,Q4_Launch_CMP-01499,2023-07-18,2023-08-10,Facebook,91327,3865,599617,493.0,False,FA,Launch
1499,CMP-01500,Q3_Winter_CMP-01500,2023-01-24,2023-02-03,Email,1338,26,2058,,False,EM,Winter
1500,CMP-01501,Q3_BlackFriday_CMP-01501,2023-11-29,2023-12-28,TikTok,72431,1436,168127,279.0,True,TI,BlackFriday
1501,CMP-01502,Q1_Launch_CMP-01502,2023-09-24,2023-10-02,,13254,346,60368,32.0,True,XX,Launch
1502,CMP-01503,Q4_Winter_CMP-01503,2023-05-15,2023-05-28,TikTok,52860,2420,358665,430.0,True,TI,Winter
1503,CMP-01504,Q2_Winter_CMP-01504,2023-07-12,2023-08-01,Google Ads,12344,123,13737,13.0,True,GO,Winter
1504,CMP-01505,Q2_Winter_CMP-01505,2023-12-01,2023-12-31,TikTok,2750,126,18838,12.0,False,TI,Winter
1505,CMP-01506,Q2_Summer_CMP-01506,2023-05-09,2023-05-25,Instagram,55756,900,6096,171.0,True,INVALID,Summer
1506,CMP-01507,Q1_Launch_CMP-01507,2023-09-22,2023-09-23,Facebook,68957,3420,376968,357.0,False,FA,Launch
1507,CMP-01508,Q3_Summer_CMP-01508,2023-06-26,2023-07-18,Google Ads,59053,2845,480718,308.0,False,GO,Summer
1508,CMP-01509,Q2_Winter_CMP-01509,2023-06-11,2023-12-06,Facebook,71855,2140,177783,141.0,False,FA,Winter
1509,CMP-01510,Q3_Winter_CMP-01510,2023-03-13,2023-04-01,,16896,515,40116,77.0,True,XX,Winter
1510,CMP-01511,Q3_BlackFriday_CMP-01511,2023-09-21,2023-09-29,,56761,1660,319754,154.0,True,XX,BlackFriday
1511,CMP-01512,Q4_BlackFriday_CMP-01512,2023-04-06,2023-04-27,Instagram,63552,2250,18334,310.0,False,IN,BlackFriday
1512,CMP-01513,Q2_BlackFriday_CMP-01513,2023-03-02,2023-03-25,Email,78454,1069,95288,148.0,True,EM,BlackFriday
1513,CMP-01514,Q4_BlackFriday_CMP-01514,2023-06-19,2023-06-22,Insta_gram,91600,1035,202283,163.0,False,IN,BlackFriday
1514,CMP-01515,Q2_Summer_CMP-01515,2023-09-03,2023-09-18,Facebook,28935,356,57033,57.0,False,FA,Summer
1515,CMP-01516,Q4_Summer_CMP-01516,2023-11-28,2023-12-21,TikTok,38641,1073,16625,136.0,True,TI,Summer
1516,CMP-01517,Q2_Winter_CMP-01517,2023-01-23,2023-02-18,Email,30711,645,114771,64.0,False,EM,Winter
1517,CMP-01518,Q1_Winter_CMP-01518,2023-03-10,2023-10-04,Facebook,71342,2488,167625,436.0,False,FA,Winter
1518,CMP-01519,Q1_Winter_CMP-01519,2023-10-21,2023-11-03,,13182,655,10211,63.0,False,XX,Winter
1519,CMP-01520,Q2_Launch_CMP-01520,2023-04-03,2023-04-22,Instagram,88833,2261,283876,285.0,True,IN,Launch
1520,CMP-01521,Q3_Summer_CMP-01521,2023-10-16,2023-10-28,Google Ads,57276,1887,329041,207.0,False,GO,Summer
1521,CMP-01522,Q4_Launch_CMP-01522,2023-12-05,2023-12-17,Email,20541,546,68917,97.0,False,EM,Launch
1522,CMP-01523,Q3_Winter_CMP-01523,2023-04-21,2023-05-04,TikTok,95457,4189,599179,480.0,False,TI,Winter
1523,CMP-01524,Q4_Launch_CMP-01524,2023-09-04,2023-09-05,TikTok,83310,3839,467058,414.0,False,TI,Launch
1524,CMP-01525,Q2_Launch_CMP-01525,2023-11-04,2023-11-20,Facebook,45813,2065,25136,316.0,False,FA,Launch
1525,CMP-01526,Q3_Launch_CMP-01526,2023-04-04,2023-04-18,Email,38198,1870,308916,262.0,True,EM,Launch
1526,CMP-01527,Q1_BlackFriday_CMP-01527,2023-03-27,2023-04-20,Google Ads,9820,109,15727,7.0,True,GO,BlackFriday
1527,CMP-01528,Q3_BlackFriday_CMP-01528,2023-08-21,2023-09-05,Google Ads,25070,1092,158329,137.0,True,GO,BlackFriday
1528,CMP-01529,Q2_BlackFriday_CMP-01529,2023-07-13,2023-08-12,TikTok,70768,2835,333233,454.0,False,TI,BlackFriday
1529,CMP-01530,Q3_Launch_CMP-01530,2023-04-14,2023-04-28,Facebook,12122,232,30083,46.0,True,FA,Launch
1530,CMP-01531,Q4_Summer_CMP-01531,2023-12-17,2023-12-20,TikTok,81559,3935,63691,568.0,True,TI,Summer
1531,CMP-01532,Q3_BlackFriday_CMP-01532,2023-02-19,2023-03-05,Facebook,74543,1187,206409,125.0,False,FA,BlackFriday
1532,CMP-01533,Q1_BlackFriday_CMP-01533,2023-04-11,2023-11-13,TikTok,84441,3139,484926,263.0,False,TI,BlackFriday
1533,CMP-01534,Q4_Summer_CMP-01534,2023-09-30,2023-10-12,Google Ads,42786,812,153152,146.0,True,GO,Summer
1534,CMP-01535,Q2_Summer_CMP-01535,2023-09-04,2023-09-12,Instagram,95934,2614,452349,450.0,True,IN,Summer
1535,CMP-01536,Q2_Launch_CMP-01536,2023-10-04,2023-10-13,Instagram,7737,299,4015,25.0,False,IN,Launch
1536,CMP-01537,Q1_Summer_CMP-01537,2023-12-14,2023-12-26,Instagram,37062,1205,181607,96.0,True,IN,Summer
1537,CMP-01538,Q3_Winter_CMP-01538,2023-07-09,2023-08-08,Email,55237,1496,282664,235.0,False,EM,Winter
1538,CMP-01539,Q3_BlackFriday_CMP-01539,2023-08-08,2023-08-17,TikTok,52571,1211,173022,117.0,False,TI,BlackFriday
1539,CMP-01540,Q4_Launch_CMP-01540,2023-07-15,2023-07-31,Instagram,26510,1155,200648,110.0,False,IN,Launch
1540,CMP-01541,Q1_Winter_CMP-01541,2023-12-23,2023-12-29,Facebook,20426,321,49216,23.0,False,FA,Winter
1541,CMP-01542,Q4_Winter_CMP-01542,2023-05-11,2023-05-17,Instagram,38265,1040,138102,93.0,False,IN,Winter
1542,CMP-01543,Q2_Winter_CMP-01543,2023-02-12,2023-02-20,TikTok,18850,869,74974,99.0,False,TI,Winter
1543,CMP-01544,Q1_Winter_CMP-01544,2023-07-29,2023-08-26,Email,67150,2943,335207,470.0,False,EM,Winter
1544,CMP-01545,Q3_Winter_CMP-01545,2023-01-04,2023-01-23,Instagram,88312,2299,448676,,False,IN,Winter
1545,CMP-01546,Q1_BlackFriday_CMP-01546,2023-01-04,2023-01-25,Facebook,90613,3672,545897,364.0,False,FA,BlackFriday
1546,CMP-01547,Q2_Winter_CMP-01547,2023-06-11,2023-06-28,,75910,3258,43872,302.0,True,XX,Winter
1547,CMP-01548,Q3_Winter_CMP-01548,2023-08-07,2023-08-27,Facebook,53375,2431,461753,295.0,False,FA,Winter
1548,CMP-01549,Q1_Winter_CMP-01549,2023-10-02,2023-10-19,TikTok,36435,1157,159639,89.0,True,TI,Winter
1549,CMP-01550,Q2_Winter_CMP-01550,2023-05-22,2023-06-17,Facebook,97443,1771,228304,217.0,True,FA,Winter
1550,CMP-01551,Q4_Winter_CMP-01551,2023-04-15,2023-04-22,Google Ads,58132,1174,192415,182.0,True,INVALID,Winter
1551,CMP-01552,Q3_Summer_CMP-01552,2023-09-05,2023-10-03,Facebook,79945,1745,27379,95.0,True,FA,Summer
1552,CMP-01553,Q4_BlackFriday_CMP-01553,2023-09-05,2023-09-07,Facebook,83050,2803,221364,144.0,False,FA,BlackFriday
1553,CMP-01554,Q4_Launch_CMP-01554,2023-06-26,2023-07-09,Email,96402,1090,131559,66.0,True,EM,Launch
1554,CMP-01555,Q4_Launch_CMP-01555,2023-03-12,2023-03-24,TikTok,3983,141,17044,18.0,False,TI,Launch
1555,CMP-01556,Q3_Winter_CMP-01556,2023-04-28,2023-04-30,Google Ads,98241,2414,257655,430.0,True,GO,Winter
1556,CMP-01557,Q3_Summer_CMP-01557,2023-03-24,2023-04-18,TikTok,21662,472,60224,23.0,False,TI,Summer
1557,CMP-01558,Q1_BlackFriday_CMP-01558,2023-06-23,2023-07-01,Email,24510,1107,123946,,False,EM,BlackFriday
1558,CMP-01559,Q3_Winter_CMP-01559,2023-12-17,2023-12-20,Google Ads,79187,2248,179619,148.0,True,GO,Winter
1559,CMP-01560,Q1_Summer_CMP-01560,2023-11-22,2023-12-15,Google Ads,41998,579,-64764,102.0,True,GO,Summer
1560,CMP-01561,Q4_Winter_CMP-01561,2023-02-16,2023-03-18,Instagram,57846,2491,151556,304.0,False,IN,Winter
1561,CMP-01562,Q2_Launch_CMP-01562,2023-11-04,2023-12-04,TikTok,95071,1131,154232,168.0,True,TI,Launch
1562,CMP-01563,Q2_Winter_CMP-01563,2023-04-24,2023-04-27,Facebook,7640,298,53058,37.0,False,FA,Winter
1563,CMP-01564,Q4_Winter_CMP-01564,2023-07-16,2023-08-05,Google Ads,45547,1865,296149,226.0,True,GO,Winter
1564,CMP-01565,Q4_Launch_CMP-01565,2023-12-02,2023-12-25,Facebook,55620,1340,139439,234.0,False,FA,Launch
1565,CMP-01566,Q2_Winter_CMP-01566,2023-02-11,2023-11-20,TikTok,16317,701,44206,114.0,False,TI,Winter
1566,CMP-01567,Q3_Summer_CMP-01567,2023-03-31,2023-04-02,Insta_gram,8564,262,21044,32.0,False,IN,Summer
1567,CMP-01568,Q2_BlackFriday_CMP-01568,2023-04-14,2023-04-23,Facebook,28345,808,106513,53.0,True,FA,BlackFriday
1568,CMP-01569,Q2_Launch_CMP-01569,2023-09-23,2023-09-26,Google Ads,95223,1125,91191,75.0,True,GO,Launch
1569,CMP-01570,Q1_Winter_CMP-01570,2023-11-03,2023-11-20,Instagram,80273,1733,228056,295.0,False,IN,Winter
1570,CMP-01571,Q2_Launch_CMP-01571,2023-11-11,2023-12-11,Email,75859,3583,303623,,False,EM,Launch
1571,CMP-01572,Q2_BlackFriday_CMP-01572,2023-05-03,2023-05-12,TikTok,81765,2099,372234,,False,TI,BlackFriday
1572,CMP-01573,Q3_Summer_CMP-01573,2023-02-14,2023-03-01,Insta_gram,75038,2391,262031,363.0,True,IN,Summer
1573,CMP-01574,Q1_BlackFriday_CMP-01574,2023-06-30,2023-07-05,Google Ads,53393,1670,14501,,False,GO,BlackFriday
1574,CMP-01575,Q1_Launch_CMP-01575,2023-04-13,2023-04-23,Google Ads,67081,2255,387519,325.0,False,GO,Launch
1575,CMP-01576,Q2_Launch_CMP-01576,2023-02-05,2023-02-10,Google Ads,30430,378,38339,62.0,True,GO,Launch
1576,CMP-01577,Q3_Summer_CMP-01577,2023-10-14,2023-11-11,Instagram,76532,1874,125039,308.0,True,IN,Summer
1577,CMP-01578,Q4_Winter_CMP-01578,2023-05-22,2023-06-05,TikTok,28788,1120,151829,115.0,False,TI,Winter
1578,CMP-01579,Q1_BlackFriday_CMP-01579,2023-08-21,2023-08-30,Facebook,96505,1739,238651,158.0,False,FA,BlackFriday
1579,CMP-01580,Q3_Summer_CMP-01580,2023-05-14,2023-06-11,TikTok,49543,898,14117,,True,TI,Summer
1580,CMP-01581,Q4_BlackFriday_CMP-01581,2023-10-14,2023-11-13,Facebook,14919,155,13335,16.0,False,FA,BlackFriday
1581,CMP-01582,Q1_Launch_CMP-01582,2023-05-31,2023-06-06,Google Ads,70346,1934,225438,358.0,True,GO,Launch
1582,CMP-01583,Q4_Winter_CMP-01583,2023-09-20,2023-09-28,Instagram,97122,4400,406363,265.0,False,IN,Winter
1583,CMP-01584,Q4_BlackFriday_CMP-01584,2023-10-22,2023-11-05,Email,40974,494,30699,29.0,True,EM,BlackFriday
1584,CMP-01585,Q2_Summer_CMP-01585,2023-07-13,2023-07-23,Email,17371,306,55537,57.0,False,E-,Summer
1585,CMP-01586,Q1_BlackFriday_CMP-01586,2023-06-23,2023-06-29,TikTok,46084,1032,164429,151.0,False,TI,BlackFriday
1586,CMP-01587,Q2_Launch_CMP-01587,2023-08-24,2023-09-10,Google Ads,30629,1202,114454,,True,GO,Launch
1587,CMP-01588,Q4_Launch_CMP-01588,2023-09-04,2023-10-04,Email,52184,1859,260085,303.0,True,EM,Launch
1588,CMP-01589,Q1_Summer_CMP-01589,2023-11-21,2023-11-29,TikTok,62916,1675,134318,252.0,False,TI,Summer
1589,CMP-01590,Q3_BlackFriday_CMP-01590,2023-12-26,2024-01-23,TikTok,74972,3026,555378,392.0,True,TI,BlackFriday
1590,CMP-01591,Q3_BlackFriday_CMP-01591,2023-06-30,2023-07-03,TikTok,63187,2172,146036,140.0,True,TI,BlackFriday
1591,CMP-01592,Q4_BlackFriday_CMP-01592,2023-05-15,2023-06-04,,13984,641,32419,110.0,False,XX,BlackFriday
1592,CMP-01593,Q3_Summer_CMP-01593,2023-12-11,2023-12-13,Instagram,34039,1454,182188,261.0,True,IN,Summer
1593,CMP-01594,Q1_Summer_CMP-01594,2023-10-11,2023-10-30,Facebook,86431,1738,238921,,False,FA,Summer
1594,CMP-01595,Q4_Winter_CMP-01595,2023-07-01,2023-07-22,Facebook,84691,1766,241668,313.0,True,FA,Winter
1595,CMP-01596,Q4_Winter_CMP-01596,2023-04-04,2023-04-30,Google Ads,59606,894,5201,162.0,False,GO,Winter
1596,CMP-01597,Q4_BlackFriday_CMP-01597,2023-04-08,2023-05-04,Google Ads,11616,272,26413,36.0,False,GO,BlackFriday
1597,CMP-01598,Q1_Launch_CMP-01598,2023-05-04,2023-06-01,Google Ads,51072,2552,318693,378.0,True,GO,Launch
1598,CMP-01599,Q4_Launch_CMP-01599,2023-04-14,2023-05-12,Facebook,25574,670,55266,,False,FA,Launch
1599,CMP-01600,Q1_Summer_CMP-01600,2023-07-02,2023-07-26,Email,4430,83,15014,7.0,False,EM,Summer
1600,CMP-01601,Q1_Summer_CMP-01601,2023-02-10,2023-02-16,TikTok,13676,553,34876,87.0,False,TI,Summer
1601,CMP-01602,Q1_Winter_CMP-01602,2023-11-11,2023-11-21,Google Ads,11816,374,46042,67.0,False,GO,Winter
1602,CMP-01603,Q3_Launch_CMP-01603,2023-10-05,2023-10-23,Email,33733,539,82851,79.0,True,EM,Launch
1603,CMP-01604,Q4_Summer_CMP-01604,2023-07-10,2023-07-26,Email,86680,2186,195128,277.0,False,EM,Summer
1604,CMP-01605,Q3_Launch_CMP-01605,2023-10-22,2023-11-05,Google Ads,3050,81,11635,,False,GO,Launch
1605,CMP-01606,Q4_Summer_CMP-01606,2023-09-19,2023-10-18,TikTok,34933,1402,24452,81.0,False,TI,Summer
1606,CMP-01607,Q4_Launch_CMP-01607,2023-10-23,2023-10-29,Email,25951,280,21994,32.0,True,EM,Launch
1607,CMP-01608,Q1_Winter_CMP-01608,2023-08-05,2023-08-13,TikTok,33413,693,129995,39.0,True,TI,Winter
1608,CMP-01609,Q2_Summer_CMP-01609,2023-09-15,2023-09-16,Instagram,35801,1099,146204,148.0,True,IN,Summer
1609,CMP-01610,Q3_Summer_CMP-01610,2023-03-31,2023-04-26,Google Ads,56619,1175,11149,126.0,True,GO,Summer
1610,CMP-01611,Q3_Launch_CMP-01611,2023-09-23,2023-09-30,Facebook,33913,1191,136523,194.0,True,FA,Launch
1611,CMP-01612,Q1_Launch_CMP-01612,2023-01-07,2023-01-27,Email,41600,1217,117841,116.0,True,EM,Launch
1612,CMP-01613,Q3_BlackFriday_CMP-01613,2023-02-21,2023-03-16,Facebook,58775,1438,228306,199.0,False,FA,BlackFriday
1613,CMP-01614,Q3_BlackFriday_CMP-01614,2023-05-13,2023-05-16,Instagram,91816,4404,746236,575.0,True,IN,BlackFriday
1614,CMP-01615,Q2_BlackFriday_CMP-01615,2023-05-18,2023-05-21,TikTok,91093,3214,562259,162.0,True,INVALID,BlackFriday
1615,CMP-01616,Q4_Summer_CMP-01616,2023-07-07,2023-08-01,,36400,553,109419,33.0,False,XX,Summer
1616,CMP-01617,Q3_Launch_CMP-01617,2023-08-03,2023-08-07,Email,5494,178,30027,16.0,True,INVALID,Launch
1617,CMP-01618,Q3_Winter_CMP-01618,2023-07-25,2023-08-03,,81688,3367,472079,613.0,True,XX,Winter
1618,CMP-01619,Q2_BlackFriday_CMP-01619,2023-03-09,2023-04-05,Google Ads,90431,3467,349762,249.0,True,GO,BlackFriday
1619,CMP-01620,Q4_BlackFriday_CMP-01620,2023-02-21,2023-03-19,Instagram,75691,1277,168167,200.0,False,IN,BlackFriday
1620,CMP-01621,Q2_Launch_CMP-01621,2023-10-12,2023-10-18,Email,98419,4812,270243,943.0,False,EM,Launch
1621,CMP-01622,Q1_BlackFriday_CMP-01622,2023-03-16,2023-04-03,Facebook,44001,1229,198759,207.0,False,FA,BlackFriday
1622,CMP-01623,Q3_Winter_CMP-01623,2023-08-31,2023-09-04,Email,68364,1118,130687,96.0,True,EM,Winter
1623,CMP-01624,Q3_BlackFriday_CMP-01624,2023-09-13,2023-10-08,Google Ads,46028,792,41979,147.0,True,GO,BlackFriday
1624,CMP-01625,Q1_Summer_CMP-01625,2023-11-19,2023-12-04,Google Ads,98659,1374,81583,87.0,False,GO,Summer
1625,CMP-01626,Q4_BlackFriday_CMP-01626,2023-09-07,2023-09-25,TikTok,38573,1625,175695,,False,TI,BlackFriday
1626,CMP-01627,Q4_Winter_CMP-01627,2023-10-18,2023-11-12,Instagram,1806,26,3575,4.0,False,IN,Winter
1627,CMP-01628,Q4_Winter_CMP-01628,2023-02-20,2023-03-04,Instagram,57638,864,103361,126.0,False,IN,Winter
1628,CMP-01629,Q3_Launch_CMP-01629,2023-05-11,2023-06-04,Facebook,30757,1353,193318,151.0,False,FA,Launch
1629,CMP-01630,Q3_BlackFriday_CMP-01630,2023-08-19,2023-08-25,Google Ads,35636,847,103371,79.0,True,GO,BlackFriday
1630,CMP-01631,Q4_BlackFriday_CMP-01631,2023-07-04,2023-07-09,Facebook,81097,911,135972,96.0,False,INVALID,BlackFriday
1631,CMP-01632,Q2_Winter_CMP-01632,2023-05-12,2023-05-30,Email,49280,595,49307,75.0,False,EM,Winter
1632,CMP-01633,Q3_Summer_CMP-01633,2023-06-29,2023-07-29,Instagram,25262,396,26503,38.0,True,IN,Summer
1633,CMP-01634,Q1_Winter_CMP-01634,2023-04-12,2023-05-12,,81435,1509,210453,294.0,False,XX,Winter
1634,CMP-01635,Q3_BlackFriday_CMP-01635,2023-10-03,2023-10-11,Google Ads,63211,2313,283813,439.0,True,GO,BlackFriday
1635,CMP-01636,Q2_Launch_CMP-01636,2023-07-01,2023-07-27,Instagram,55842,909,49113,164.0,False,INVALID,Launch
1636,CMP-01637,Q1_Winter_CMP-01637,2023-08-17,2023-08-18,Instagram,57979,855,91547,96.0,True,IN,Winter
1637,CMP-01638,Q1_Summer_CMP-01638,2023-05-27,2023-06-07,,82470,3347,22063,514.0,True,XX,Summer
1638,CMP-01639,Q4_BlackFriday_CMP-01639,2023-03-27,2023-04-24,Instagram,39197,1444,187292,267.0,False,INVALID,BlackFriday
1639,CMP-01640,Q2_BlackFriday_CMP-01640,2023-08-04,2023-08-10,TikTok,42844,1174,128396,208.0,False,TI,BlackFriday
1640,CMP-01641,Q3_Launch_CMP-01641,2023-06-02,2023-07-02,Instagram,65754,2102,298427,235.0,False,IN,Launch
1641,CMP-01642,Q2_Launch_CMP-01642,2023-06-25,2023-07-04,Email,35157,790,134964,,True,INVALID,Launch
1642,CMP-01643,Q1_BlackFriday_CMP-01643,2023-05-30,2023-06-16,TikTok,78129,2289,217341,140.0,True,TI,BlackFriday
1643,CMP-01644,Q1_BlackFriday_CMP-01644,2023-07-22,2023-08-18,Google Ads,41042,1242,24134,169.0,True,GO,BlackFriday
1644,CMP-01645,Q2_Launch_CMP-01645,2023-07-05,2023-07-06,TikTok,62665,1597,208161,233.0,False,TI,Launch
1645,CMP-01646,Q1_Winter_CMP-01646,2023-08-19,2023-09-05,Google Ads,83856,3879,553703,688.0,False,INVALID,Winter
1646,CMP-01647,Q2_BlackFriday_CMP-01647,2023-01-12,2023-01-29,Instagram,28376,301,45782,28.0,True,IN,BlackFriday
1647,CMP-01648,Q1_Launch_CMP-01648,2023-05-09,2023-06-07,Email,56554,2334,350123,175.0,False,EM,Launch
1648,CMP-01649,Q2_Winter_CMP-01649,2023-02-10,2023-02-12,Instagram,15199,227,28749,24.0,False,IN,Winter
1649,CMP-01650,Q2_Winter_CMP-01650,2023-02-18,2023-03-03,Email,82412,3453,394728,355.0,False,EM,Winter
1650,CMP-01651,Q4_Winter_CMP-01651,2023-08-31,2023-09-05,Facebook,51948,1799,104463,125.0,True,FA,Winter
1651,CMP-01652,Q2_Summer_CMP-01652,2023-07-23,2023-07-29,Google Ads,74781,3270,174333,493.0,False,GO,Summer
1652,CMP-01653,Q3_Winter_CMP-01653,2023-02-23,2023-02-25,Instagram,73750,1025,106287,129.0,True,IN,Winter
1653,CMP-01654,Q1_Launch_CMP-01654,2023-12-02,2023-12-18,TikTok,67262,2176,217707,344.0,False,TI,Launch
1654,CMP-01655,Q4_Launch_CMP-01655,2023-04-28,2023-05-03,Google Ads,47600,1430,154661,147.0,True,INVALID,Launch
1655,CMP-01656,Q2_Launch_CMP-01656,2023-11-17,2023-12-15,Instagram,77898,2979,21078,294.0,False,IN,Launch
1656,CMP-01657,Q2_Launch_CMP-01657,2023-03-29,2023-04-03,Instagram,63483,1991,320004,,True,IN,Launch
1657,CMP-01658,Q4_BlackFriday_CMP-01658,2023-12-06,2023-12-14,Facebook,19297,610,108912,,False,FA,BlackFriday
1658,CMP-01659,Q3_BlackFriday_CMP-01659,2023-09-01,2023-09-29,Email,31448,854,162949,47.0,True,EM,BlackFriday
1659,CMP-01660,Q4_BlackFriday_CMP-01660,2023-05-20,2023-06-09,,27172,607,7518,103.0,False,XX,BlackFriday
1660,CMP-01661,Q3_Winter_CMP-01661,2023-12-24,2024-01-20,TikTok,43874,1285,199342,135.0,False,TI,Winter
1661,CMP-01662,Q3_BlackFriday_CMP-01662,2023-08-22,2023-09-03,Instagram,8657,127,22648,22.0,False,IN,BlackFriday
1662,CMP-01663,Q1_Winter_CMP-01663,2023-10-16,2023-11-04,Facebook,85386,4137,466421,704.0,True,FA,Winter
1663,CMP-01664,Q3_Winter_CMP-01664,2023-10-01,2023-10-27,TikTok,26425,1019,98244,104.0,False,TI,Winter
1664,CMP-01665,Q2_Summer_CMP-01665,2023-10-04,2023-11-03,Facebook,27685,1331,253567,205.0,False,FA,Summer
1665,CMP-01666,Q4_BlackFriday_CMP-01666,2023-06-07,2023-06-22,Email,25578,487,6202,36.0,True,EM,BlackFriday
1666,CMP-01667,Q1_Winter_CMP-01667,2023-05-06,2023-06-05,Email,29831,1347,16782,248.0,False,EM,Winter
1667,CMP-01668,Q3_Winter_CMP-01668,2023-09-25,2023-10-10,Instagram,8906,377,28939,41.0,False,IN,Winter
1668,CMP-01669,Q4_BlackFriday_CMP-01669,2023-06-26,2023-07-02,TikTok,62413,2314,153241,273.0,True,TI,BlackFriday
1669,CMP-01670,Q1_Launch_CMP-01670,2023-12-19,2024-01-11,Facebook,55028,1926,339585,300.0,False,FA,Launch
1670,CMP-01671,Q4_Launch_CMP-01671,2023-09-02,2023-09-06,TikTok,8287,187,26576,32.0,False,TI,Launch
1671,CMP-01672,Q4_Summer_CMP-01672,2023-05-30,2023-06-22,Email,34660,1478,146135,126.0,False,EM,Summer
1672,CMP-01673,Q2_Summer_CMP-01673,2023-10-08,2023-10-16,TikTok,76758,2307,18170,344.0,True,TI,Summer
1673,CMP-01674,Q4_Summer_CMP-01674,2023-10-15,2023-10-21,Facebook,61504,789,105193,85.0,True,INVALID,Summer
1674,CMP-01675,Q3_Launch_CMP-01675,2023-11-27,2023-12-18,TikTok,60720,1367,188083,143.0,True,TI,Launch
1675,CMP-01676,Q2_Summer_CMP-01676,2023-05-15,2023-06-04,TikTok,35701,1692,137135,259.0,True,TI,Summer
1676,CMP-01677,Q3_Summer_CMP-01677,2023-11-17,2023-12-12,Facebook,84300,3711,659485,401.0,True,FA,Summer
1677,CMP-01678,Q3_BlackFriday_CMP-01678,2023-11-10,2023-11-12,Facebook,18674,920,57628,93.0,False,FA,BlackFriday
1678,CMP-01679,Q1_Launch_CMP-01679,2023-05-26,2023-05-29,Email,84560,2969,307036,520.0,False,EM,Launch
1679,CMP-01680,Q4_Winter_CMP-01680,2023-05-18,2023-05-31,Email,24874,495,75269,32.0,True,EM,Winter
1680,CMP-01681,Q4_Winter_CMP-01681,2023-04-04,2023-04-09,Email,44642,737,67154,111.0,True,EM,Winter
1681,CMP-01682,Q4_BlackFriday_CMP-01682,2023-08-22,2023-08-23,Facebook,98820,1727,300759,150.0,False,FA,BlackFriday
1682,CMP-01683,Q3_BlackFriday_CMP-01683,2023-11-15,2023-11-25,Instagram,66160,713,114779,37.0,True,IN,BlackFriday
1683,CMP-01684,Q2_Launch_CMP-01684,2023-03-19,2023-04-03,TikTok,18602,476,80136,35.0,False,TI,Launch
1684,CMP-01685,Q2_BlackFriday_CMP-01685,2023-01-10,2023-10-18,Instagram,89801,1585,107568,223.0,True,IN,BlackFriday
1685,CMP-01686,Q1_Summer_CMP-01686,2023-02-22,2023-03-20,Facebook,26931,712,5061,,False,FA,Summer
1686,CMP-01687,Q3_Summer_CMP-01687,2023-08-13,2023-08-29,Email,95377,4520,420229,240.0,True,INVALID,Summer
1687,CMP-01688,Q1_Summer_CMP-01688,2023-03-19,2023-04-10,Facebook,30192,821,104851,45.0,True,FA,Summer
1688,CMP-01689,Q4_Winter_CMP-01689,2023-04-22,2023-05-17,Email,47542,2145,347924,397.0,True,EM,Winter
1689,CMP-01690,Q2_Winter_CMP-01690,2023-09-13,2023-09-26,Email,43520,1489,261289,90.0,True,EM,Winter
1690,CMP-01691,Q2_Winter_CMP-01691,2023-01-17,2023-02-04,Email,65772,1307,203435,240.0,True,EM,Winter
1691,CMP-01692,Q1_Launch_CMP-01692,2023-03-16,2023-04-03,Email,59762,1448,274091,,True,EM,Launch
1692,CMP-01693,Q1_BlackFriday_CMP-01693,2023-07-20,2023-08-13,Facebook,51106,682,109673,109.0,True,FA,BlackFriday
1693,CMP-01694,Q1_Summer_CMP-01694,2023-08-29,2023-09-11,Instagram,82121,1916,183821,184.0,False,IN,Summer
1694,CMP-01695,Q4_Launch_CMP-01695,2023-05-09,2023-06-07,Facebook,26559,985,88416,176.0,True,FA,Launch
1695,CMP-01696,Q4_Launch_CMP-01696,2023-03-04,2023-03-21,Email,34742,447,6903,69.0,True,INVALID,Launch
1696,CMP-01697,Q4_Winter_CMP-01697,2023-07-17,2023-08-01,Facebook,70669,1287,101584,141.0,False,FA,Winter
1697,CMP-01698,Q3_Winter_CMP-01698,2023-01-18,2023-02-08,Google Ads,81199,2050,13101,125.0,False,GO,Winter
1698,CMP-01699,Q1_BlackFriday_CMP-01699,2023-02-18,2023-03-07,Instagram,22754,1121,145543,179.0,False,IN,BlackFriday
1699,CMP-01700,Q3_Winter_CMP-01700,2023-08-31,2023-09-12,Instagram,4972,205,35515,29.0,False,IN,Winter
1700,CMP-01701,Q4_BlackFriday_CMP-01701,2023-06-15,2023-07-11,Google Ads,71831,2825,18421,142.0,True,GO,BlackFriday
1701,CMP-01702,Q4_Summer_CMP-01702,2023-10-09,2023-10-29,Facebook,42873,627,-105827,32.0,False,FA,Summer
1702,CMP-01703,Q2_BlackFriday_CMP-01703,2023-11-23,2023-12-12,Facebook,95661,3945,677498,675.0,False,FA,BlackFriday
1703,CMP-01704,Q4_Winter_CMP-01704,2023-01-27,2023-02-19,Google Ads,10903,451,55176,40.0,False,GO,Winter
1704,CMP-01705,Q2_BlackFriday_CMP-01705,2023-02-27,2023-03-26,Instagram,4020,136,7969,19.0,False,IN,BlackFriday
1705,CMP-01706,Q1_BlackFriday_CMP-01706,2023-01-08,2023-02-01,Facebook,42755,2121,161596,250.0,False,FA,BlackFriday
1706,CMP-01707,Q4_Summer_CMP-01707,2023-03-03,2023-03-16,Facebook,86956,2000,312228,359.0,False,FA,Summer
1707,CMP-01708,Q3_Summer_CMP-01708,2023-01-22,2023-02-16,Email,87988,4192,657166,786.0,True,EM,Summer
1708,CMP-01709,Q1_Summer_CMP-01709,2023-12-19,2023-12-28,Google Ads,46648,2173,401469,433.0,True,GO,Summer
1709,CMP-01710,Q3_Summer_CMP-01710,2023-02-15,2023-03-04,TikTok,10516,109,14977,7.0,False,TI,Summer
1710,CMP-01711,Q2_Summer_CMP-01711,2023-12-18,2024-01-17,TikTok,3396,95,-6519,17.0,True,INVALID,Summer
1711,CMP-01712,Q1_Summer_CMP-01712,2023-11-17,2023-12-01,Email,85082,4176,284854,,False,EM,Summer
1712,CMP-01713,Q3_Launch_CMP-01713,2023-07-02,2023-07-08,Google Ads,20129,284,4492,39.0,False,GO,Launch
1713,CMP-01714,Q3_Summer_CMP-01714,2023-02-24,2023-03-13,Email,2591,82,6361,10.0,True,EM,Summer
1714,CMP-01715,Q3_Summer_CMP-01715,2023-10-13,2023-11-10,Facebook,12303,604,59952,31.0,True,FA,Summer
1715,CMP-01716,Q2_Winter_CMP-01716,2023-08-13,2023-08-29,Facebook,31561,1016,125051,,False,FA,Winter
1716,CMP-01717,Q4_Winter_CMP-01717,2023-07-13,2023-07-18,Instagram,72719,1279,68701,78.0,True,IN,Winter
1717,CMP-01718,Q2_BlackFriday_CMP-01718,2023-01-21,2023-02-16,Instagram,93108,3099,270614,474.0,True,IN,BlackFriday
1718,CMP-01719,Q1_Winter_CMP-01719,2023-05-31,2023-06-02,Email,87231,1585,820312,265.0,False,EM,Winter
1719,CMP-01720,Q3_Winter_CMP-01720,2023-10-18,2023-10-25,Email,8314,255,23446,43.0,False,EM,Winter
1720,CMP-01721,Q4_Winter_CMP-01721,2023-08-28,2023-08-31,Instagram,20623,267,18812,18.0,True,IN,Winter
1721,CMP-01722,Q2_Launch_CMP-01722,2023-10-11,2023-10-31,TikTok,68675,2350,374124,275.0,False,TI,Launch
1722,CMP-01723,Q1_Summer_CMP-01723,2023-08-19,2023-08-31,Google Ads,97826,3000,515916,523.0,False,GO,Summer
1723,CMP-01724,Q1_BlackFriday_CMP-01724,2023-07-07,2023-08-03,Instagram,66082,2617,231923,249.0,True,IN,BlackFriday
1724,CMP-01725,Q3_Summer_CMP-01725,2023-09-17,2023-09-27,Facebook,84624,2981,495332,358.0,False,FA,Summer
1725,CMP-01726,Q3_Winter_CMP-01726,2023-01-10,2023-01-14,TikTok,34130,1091,117646,99.0,False,TI,Winter
1726,CMP-01727,Q2_Summer_CMP-01727,2023-11-14,2023-12-04,Instagram,52756,1983,249864,237.0,True,IN,Summer
1727,CMP-01728,Q4_Winter_CMP-01728,2023-12-04,2024-01-02,Facebook,98624,1554,277234,284.0,False,FA,Winter
1728,CMP-01729,Q2_BlackFriday_CMP-01729,2023-04-08,2023-04-22,Google Ads,27292,922,149819,109.0,True,GO,BlackFriday
1729,CMP-01730,Q4_Launch_CMP-01730,2023-10-10,2023-10-23,Instagram,87206,1472,25137,196.0,False,IN,Launch
1730,CMP-01731,Q4_Summer_CMP-01731,2023-07-29,2023-08-11,Email,70274,3304,23302,365.0,True,EM,Summer
1731,CMP-01732,Q1_BlackFriday_CMP-01732,2023-09-25,2023-10-05,Email,3469,44,266,5.0,False,EM,BlackFriday
1732,CMP-01733,Q2_BlackFriday_CMP-01733,2023-03-08,2023-08-15,TikTok,54947,1495,275096,78.0,False,TI,BlackFriday
1733,CMP-01734,Q2_Winter_CMP-01734,2023-02-24,2023-02-25,Google Ads,23534,890,96276,82.0,True,GO,Winter
1734,CMP-01735,Q4_Winter_CMP-01735,2023-10-20,2023-10-31,TikTok,64620,1830,170523,211.0,False,TI,Winter
1735,CMP-01736,Q4_Summer_CMP-01736,2023-09-08,2023-09-24,Email,49874,682,108236,98.0,True,EM,Summer
1736,CMP-01737,Q3_Summer_CMP-01737,2023-12-05,2024-01-04,Google Ads,50708,1629,285828,191.0,False,GO,Summer
1737,CMP-01738,Q4_Summer_CMP-01738,2023-04-24,2023-05-19,Facebook,75553,2694,483232,271.0,True,INVALID,Summer
1738,CMP-01739,Q1_BlackFriday_CMP-01739,2023-04-17,2023-04-18,TikTok,69344,2645,257622,286.0,True,TI,BlackFriday
1739,CMP-01740,Q4_Winter_CMP-01740,2023-02-10,2023-02-17,Facebook,50138,1249,222112,107.0,False,FA,Winter
1740,CMP-01741,Q3_BlackFriday_CMP-01741,2023-07-04,2023-07-18,,55302,1799,100996,339.0,False,XX,BlackFriday
1741,CMP-01742,Q2_Launch_CMP-01742,2023-08-01,2023-08-26,Instagram,48638,1363,78303,,False,IN,Launch
1742,CMP-01743,Q2_BlackFriday_CMP-01743,2023-01-30,2023-02-20,Instagram,79249,2922,419388,151.0,False,IN,BlackFriday
1743,CMP-01744,Q4_Launch_CMP-01744,2023-01-21,2023-02-15,Facebook,3719,123,7314,6.0,False,FA,Launch
1744,CMP-01745,Q4_Launch_CMP-01745,2023-02-09,2023-02-14,,23890,741,7313,145.0,True,INVALID,Launch
1745,CMP-01746,Q1_Launch_CMP-01746,2023-02-19,2023-03-06,Facebook,78236,1563,235878,130.0,False,FA,Launch
1746,CMP-01747,Q1_Launch_CMP-01747,2023-07-17,2023-08-14,Facebook,37509,378,38023,64.0,True,FA,Launch
1747,CMP-01748,Q1_BlackFriday_CMP-01748,2023-05-08,2023-05-27,Google Ads,43534,738,56782,43.0,True,GO,BlackFriday
1748,CMP-01749,Q4_Launch_CMP-01749,2023-10-13,2023-11-08,TikTok,93241,1369,126225,257.0,True,TI,Launch
1749,CMP-01750,Q3_Launch_CMP-01750,2023-02-24,2023-03-21,Google Ads,19787,553,65606,100.0,True,GO,Launch
1750,CMP-01751,Q3_Summer_CMP-01751,2023-12-12,2024-01-05,Google Ads,49845,1719,208528,,True,GO,Summer
1751,CMP-01752,Q1_Winter_CMP-01752,2023-02-23,2023-02-28,Email,58932,1091,182688,56.0,True,EM,Winter
1752,CMP-01753,Q1_BlackFriday_CMP-01753,2023-07-25,2023-08-15,Facebook,93124,4429,719814,,False,FA,BlackFriday
1753,CMP-01754,Q2_BlackFriday_CMP-01754,2023-10-01,2023-10-27,TikTok,92659,951,112715,105.0,False,TI,BlackFriday
1754,CMP-01755,Q1_Summer_CMP-01755,2023-06-30,2023-07-10,Email,34062,1392,820312,165.0,False,INVALID,Summer
1755,CMP-01756,Q1_BlackFriday_CMP-01756,2023-06-16,2023-06-29,TikTok,76713,2685,180259,254.0,False,TI,BlackFriday
1756,CMP-01757,Q4_Winter_CMP-01757,2023-11-21,2023-11-29,Instagram,88263,2201,194355,,False,IN,Winter
1757,CMP-01758,Q3_Summer_CMP-01758,2023-11-08,2023-11-13,Email,96756,1162,202416,160.0,True,EM,Summer
1758,CMP-01759,Q4_Winter_CMP-01759,2023-07-12,2023-07-13,Instagram,61461,2157,23015,,False,IN,Winter
1759,CMP-01760,Q3_Summer_CMP-01760,2023-05-11,2023-06-10,Email,76418,1942,382918,179.0,True,EM,Summer
1760,CMP-01761,Q2_Summer_CMP-01761,2023-07-23,2023-07-31,Facebook,67672,3211,385121,178.0,True,FA,Summer
1761,CMP-01762,Q4_Winter_CMP-01762,2023-01-18,2023-02-16,Google Ads,35832,1135,191577,226.0,False,GO,Winter
1762,CMP-01763,Q2_BlackFriday_CMP-01763,2023-09-23,2023-10-08,Instagram,32966,1568,173023,191.0,False,IN,BlackFriday
1763,CMP-01764,Q1_Winter_CMP-01764,2023-01-04,2023-01-13,TikTok,73545,1384,15742,226.0,True,TI,Winter
1764,CMP-01765,Q4_Winter_CMP-01765,2023-11-06,2023-12-06,Instagram,13987,545,58551,64.0,False,IN,Winter
1765,CMP-01766,Q1_Summer_CMP-01766,2023-12-20,2024-01-02,Google Ads,38311,1329,209798,75.0,True,GO,Summer
1766,CMP-01767,Q4_Winter_CMP-01767,2023-09-19,2023-10-04,Email,32575,1289,170313,124.0,True,EM,Winter
1767,CMP-01768,Q1_BlackFriday_CMP-01768,2023-03-21,2023-04-20,TikTok,64852,1205,230838,118.0,False,TI,BlackFriday
1768,CMP-01769,Q1_Winter_CMP-01769,2023-08-24,2023-09-08,Instagram,2007,73,6397,12.0,False,IN,Winter
1769,CMP-01770,Q3_Winter_CMP-01770,2023-07-07,2023-07-19,Facebook,71981,2153,140127,318.0,True,INVALID,Winter
1770,CMP-01771,Q4_Winter_CMP-01771,2023-05-12,2024-01-03,TikTok,77242,3067,33427,280.0,False,TI,Winter
1771,CMP-01772,Q3_Launch_CMP-01772,2023-07-24,2023-07-31,Facebook,48517,1119,159465,,False,FA,Launch
1772,CMP-01773,Q1_Winter_CMP-01773,2023-02-09,2023-02-24,Facebook,30257,1379,247006,,True,FA,Winter
1773,CMP-01774,Q2_Winter_CMP-01774,2023-03-30,2023-04-04,Facebook,88272,1180,120277,235.0,True,FA,Winter
1774,CMP-01775,Q3_Launch_CMP-01775,2023-12-26,2024-01-09,Facebook,43207,1827,27052,364.0,True,FA,Launch
1775,CMP-01776,Q3_Winter_CMP-01776,2023-11-01,2023-12-01,Google Ads,14281,634,65004,49.0,True,GO,Winter
1776,CMP-01777,Q3_Launch_CMP-01777,2023-10-23,2023-10-31,TikTok,62246,2657,378843,257.0,False,TI,Launch
1777,CMP-01778,Q1_Launch_CMP-01778,2023-06-21,2023-06-26,Facebook,2435,74,13521,9.0,False,FA,Launch
1778,CMP-01779,Q4_Launch_CMP-01779,2023-08-02,2023-08-31,TikTok,99875,2750,232935,,True,TI,Launch
1779,CMP-01780,Q3_Winter_CMP-01780,2023-04-27,2023-05-18,,92357,4604,509369,594.0,False,XX,Winter
1780,CMP-01781,Q4_BlackFriday_CMP-01781,2023-01-06,2023-02-05,Email,27660,530,105465,103.0,False,EM,BlackFriday
1781,CMP-01782,Q1_Launch_CMP-01782,2023-01-28,2023-02-01,Email,6084,193,820312,,False,EM,Launch
1782,CMP-01783,Q1_Launch_CMP-01783,2023-10-04,2023-10-14,TikTok,83197,3063,412574,250.0,False,TI,Launch
1783,CMP-01784,Q2_Winter_CMP-01784,2023-12-24,2024-01-05,Instagram,14507,551,70249,36.0,True,IN,Winter
1784,CMP-01785,Q1_Summer_CMP-01785,2023-07-21,2023-07-23,Facebook,73595,1336,123834,204.0,False,FA,Summer
1785,CMP-01786,Q1_Winter_CMP-01786,2023-10-22,2023-11-03,Email,84807,3066,391165,226.0,False,EM,Winter
1786,CMP-01787,Q4_Summer_CMP-01787,2023-05-29,2023-06-13,Instagram,46539,1988,352328,334.0,True,IN,Summer
1787,CMP-01788,Q2_BlackFriday_CMP-01788,2023-06-22,2023-07-22,Email,8491,101,1543,9.0,True,EM,BlackFriday
1788,CMP-01789,Q2_BlackFriday_CMP-01789,2023-10-20,2023-11-02,Facebook,51192,2378,222359,235.0,False,FA,BlackFriday
1789,CMP-01790,Q4_BlackFriday_CMP-01790,2023-05-15,2023-06-13,Instagram,81395,910,7300,46.0,True,IN,BlackFriday
1790,CMP-01791,Q3_BlackFriday_CMP-01791,2023-09-14,2023-10-05,Email,64888,1572,141136,243.0,True,EM,BlackFriday
1791,CMP-01792,Q3_Summer_CMP-01792,2023-03-11,2023-04-08,Instagram,74609,793,59843,53.0,False,IN,Summer
1792,CMP-01793,Q1_Launch_CMP-01793,2023-07-22,2023-08-05,,10077,131,8429,21.0,False,XX,Launch
1793,CMP-01794,Q2_Summer_CMP-01794,2023-11-12,2023-11-15,Facebook,21953,1019,115015,126.0,False,FA,Summer
1794,CMP-01795,Q4_Winter_CMP-01795,2023-05-05,2023-05-25,TikTok,77919,1885,126285,316.0,True,TI,Winter
1795,CMP-01796,Q2_Summer_CMP-01796,2023-08-09,2023-08-19,Facebook,68889,1859,140888,255.0,False,FA,Summer
1796,CMP-01797,Q4_Launch_CMP-01797,2023-02-15,2023-02-27,Instagram,24821,462,6103,,True,IN,Launch
1797,CMP-01798,Q1_Summer_CMP-01798,2023-07-07,2023-08-03,Facebook,38567,1306,97545,215.0,True,FA,Summer
1798,CMP-01799,Q2_Summer_CMP-01799,2023-11-01,2023-11-18,TikTok,25860,873,52015,52.0,False,TI,Summer
1799,CMP-01800,Q4_Winter_CMP-01800,2023-03-28,2023-04-15,Insta_gram,22195,552,5388,,True,IN,Winter
1800,CMP-01801,Q1_Summer_CMP-01801,2023-08-15,2023-08-31,Email,78475,1830,151978,138.0,True,EM,Summer
1801,CMP-01802,Q2_Launch_CMP-01802,2023-04-30,2023-05-30,Google Ads,91874,4170,530823,679.0,False,GO,Launch
1802,CMP-01803,Q3_Launch_CMP-01803,2023-02-13,2023-03-15,Email,88266,2235,146069,417.0,True,EM,Launch
1803,CMP-01804,Q2_Launch_CMP-01804,2023-11-14,2023-12-12,Facebook,22427,666,108402,88.0,False,FA,Launch
1804,CMP-01805,Q1_Winter_CMP-01805,2023-05-28,2023-06-25,Email,28083,599,111375,77.0,False,EM,Winter
1805,CMP-01806,Q2_BlackFriday_CMP-01806,2023-12-22,2024-01-07,Facebook,88046,3651,589692,,False,FA,BlackFriday
1806,CMP-01807,Q1_Summer_CMP-01807,2023-08-30,2023-09-02,,58372,1511,196315,76.0,True,XX,Summer
1807,CMP-01808,Q2_BlackFriday_CMP-01808,2023-04-18,2023-04-30,Google Ads,45064,1376,246442,258.0,False,GO,BlackFriday
1808,CMP-01809,Q3_Winter_CMP-01809,2023-10-07,2023-10-18,Facebook,8813,177,2730,14.0,True,FA,Winter
1809,CMP-01810,Q3_Launch_CMP-01810,2023-09-05,2023-09-12,Instagram,32598,1613,83203,318.0,True,IN,Launch
1810,CMP-01811,Q2_Summer_CMP-01811,2023-12-22,2024-01-01,Facebook,94106,2038,222373,326.0,True,FA,Summer
1811,CMP-01812,Q4_Launch_CMP-01812,2023-10-26,2023-11-25,TikTok,28082,1146,203579,190.0,False,TI,Launch
1812,CMP-01813,Q2_BlackFriday_CMP-01813,2023-05-11,2023-05-28,Email,30241,819,83439,121.0,True,EM,BlackFriday
1813,CMP-01814,Q1_Winter_CMP-01814,2023-12-23,2023-12-29,Instagram,97214,1774,98071,214.0,False,INVALID,Winter
1814,CMP-01815,Q2_Winter_CMP-01815,2023-12-02,2024-01-01,TikTok,45569,1913,309766,259.0,False,TI,Winter
1815,CMP-01816,Q3_Launch_CMP-01816,2023-12-05,2023-12-09,Google Ads,12745,297,50581,16.0,True,GO,Launch
1816,CMP-01817,Q1_Launch_CMP-01817,2023-12-04,2023-12-09,TikTok,27029,1205,89277,173.0,False,TI,Launch
1817,CMP-01818,Q1_Winter_CMP-01818,2023-05-30,2023-06-23,Google Ads,14025,653,85283,93.0,False,GO,Winter
1818,CMP-01819,Q3_Winter_CMP-01819,2023-04-29,2023-05-22,Instagram,15288,678,53422,124.0,False,IN,Winter
1819,CMP-01820,Q2_BlackFriday_CMP-01820,2023-12-30,2024-01-17,Google Ads,90186,1028,162306,129.0,False,GO,BlackFriday
1820,CMP-01821,Q1_Summer_CMP-01821,2023-06-11,2023-06-20,TikTok,7540,312,28309,,True,TI,Summer
1821,CMP-01822,Q1_Launch_CMP-01822,2023-02-15,2023-02-17,TikTok,98768,2612,254493,250.0,False,TI,Launch
1822,CMP-01823,Q1_Winter_CMP-01823,2023-08-23,2023-08-24,Google Ads,82958,3728,658908,553.0,True,GO,Winter
1823,CMP-01824,Q3_BlackFriday_CMP-01824,2023-01-21,2023-02-07,Facebook,69878,2481,301313,213.0,True,FA,BlackFriday
1824,CMP-01825,Q1_Winter_CMP-01825,2023-06-20,2023-06-27,Instagram,42846,1857,27941,170.0,False,IN,Winter
1825,CMP-01826,Q1_Winter_CMP-01826,2023-01-10,2023-01-31,Google Ads,76932,2306,254481,399.0,False,GO,Winter
1826,CMP-01827,Q1_Launch_CMP-01827,2023-11-17,2023-12-04,TikTok,18482,580,54927,79.0,False,TI,Launch
1827,CMP-01828,Q1_Summer_CMP-01828,2023-09-14,2023-09-26,Google Ads,24411,385,55371,48.0,False,GO,Summer
1828,CMP-01829,Q4_Summer_CMP-01829,2023-05-12,2023-05-13,Instagram,51975,2149,157368,210.0,False,IN,Summer
1829,CMP-01830,Q2_Summer_CMP-01830,2023-01-16,2023-01-31,TikTok,61545,1647,17450,262.0,True,INVALID,Summer
1830,CMP-01831,Q1_Summer_CMP-01831,2023-04-26,2023-05-09,Google Ads,79797,2394,194765,,False,GO,Summer
1831,CMP-01832,Q4_Launch_CMP-01832,2023-12-03,2023-12-14,TikTok,53307,2207,340693,354.0,False,TI,Launch
1832,CMP-01833,Q3_Launch_CMP-01833,2023-09-24,2023-10-20,Instagram,4093,138,26445,8.0,False,IN,Launch
1833,CMP-01834,Q4_Winter_CMP-01834,2023-11-17,2023-12-07,TikTok,78258,1412,281449,253.0,False,TI,Winter
1834,CMP-01835,Q4_BlackFriday_CMP-01835,2023-10-21,2023-11-05,TikTok,23042,774,90977,,True,TI,BlackFriday
1835,CMP-01836,Q3_Launch_CMP-01836,2023-11-06,2023-11-18,Facebook,53930,1418,124613,164.0,True,FA,Launch
1836,CMP-01837,Q4_Winter_CMP-01837,2023-04-16,2023-05-06,Instagram,45413,1307,152167,185.0,True,IN,Winter
1837,CMP-01838,Q4_BlackFriday_CMP-01838,2023-12-17,2023-12-28,Email,94623,1053,186476,151.0,False,E-,BlackFriday
1838,CMP-01839,Q2_Winter_CMP-01839,2023-06-08,2023-06-18,Instagram,98883,1819,147159,126.0,True,IN,Winter
1839,CMP-01840,Q3_Winter_CMP-01840,2023-03-11,2023-03-23,Google Ads,34756,738,142297,120.0,False,GO,Winter
1840,CMP-01841,Q4_BlackFriday_CMP-01841,2023-03-16,2023-03-18,,54268,2090,211675,191.0,True,XX,BlackFriday
1841,CMP-01842,Q2_BlackFriday_CMP-01842,2023-03-22,2023-04-17,TikTok,40214,420,83106,78.0,True,TI,BlackFriday
1842,CMP-01843,Q1_Launch_CMP-01843,2023-03-02,2023-03-19,Google Ads,82871,2183,383752,376.0,True,GO,Launch
1843,CMP-01844,Q3_Winter_CMP-01844,2023-03-16,2023-04-04,TikTok,29602,1390,238087,141.0,False,TI,Winter
1844,CMP-01845,Q1_Launch_CMP-01845,2023-07-31,2023-08-04,Instagram,54331,786,76781,134.0,True,IN,Launch
1845,CMP-01846,Q4_Winter_CMP-01846,2023-11-23,2023-12-22,Instagram,49901,1529,78463,158.0,False,IN,Winter
1846,CMP-01847,Q4_Winter_CMP-01847,2023-04-07,2023-04-22,Facebook,64416,2670,286544,173.0,False,FA,Winter
1847,CMP-01848,Q3_Winter_CMP-01848,2023-11-10,2023-12-05,Instagram,33196,1583,150815,,False,IN,Winter
1848,CMP-01849,Q4_Launch_CMP-01849,2023-11-10,2023-11-26,TikTok,6626,264,14681,39.0,True,TI,Launch
1849,CMP-01850,Q4_Launch_CMP-01850,2023-12-18,2024-01-01,Facebook,8424,327,41138,38.0,False,FA,Launch
1850,CMP-01851,Q4_Launch_CMP-01851,2023-02-10,2023-03-07,Email,13857,596,65831,,True,EM,Launch
1851,CMP-01852,Q4_Launch_CMP-01852,2023-09-15,2023-10-02,Instagram,20982,584,84787,57.0,True,IN,Launch
1852,CMP-01853,Q3_BlackFriday_CMP-01853,2023-11-29,2023-12-01,Email,77961,3292,471342,649.0,True,INVALID,BlackFriday
1853,CMP-01854,Q3_Launch_CMP-01854,2023-09-09,2023-10-01,,2980,30,2043,,False,XX,Launch
1854,CMP-01855,Q2_Winter_CMP-01855,2023-04-26,2023-05-21,Instagram,49290,2315,455001,225.0,True,IN,Winter
1855,CMP-01856,Q2_Winter_CMP-01856,2023-01-08,2023-01-26,Google Ads,27431,760,5931,93.0,True,INVALID,Winter
1856,CMP-01857,Q2_Winter_CMP-01857,2023-04-24,2023-05-18,Instagram,85976,2762,322577,336.0,False,IN,Winter
1857,CMP-01858,Q3_Launch_CMP-01858,2023-04-15,2023-05-09,Email,83711,1690,208238,203.0,False,EM,Launch
1858,CMP-01859,Q4_BlackFriday_CMP-01859,2023-08-13,2023-09-01,Facebook,27385,1087,18692,83.0,True,FA,BlackFriday
1859,CMP-01860,Q3_Winter_CMP-01860,2023-06-16,2023-07-03,Email,39158,511,33156,36.0,False,EM,Winter
1860,CMP-01861,Q4_Winter_CMP-01861,2023-08-07,2023-09-06,Instagram,24019,1078,123212,95.0,True,IN,Winter
1861,CMP-01862,Q4_Summer_CMP-01862,2023-07-14,2023-07-19,TikTok,19639,846,122057,,True,TI,Summer
1862,CMP-01863,Q4_BlackFriday_CMP-01863,2023-10-20,2023-11-19,Email,86530,1613,132707,,True,EM,BlackFriday
1863,CMP-01864,Q4_Summer_CMP-01864,2023-12-27,2024-01-23,Facebook,22563,956,137779,156.0,True,FA,Summer
1864,CMP-01865,Q2_Winter_CMP-01865,2023-08-20,2023-09-02,Google Ads,40341,1672,315255,273.0,False,GO,Winter
1865,CMP-01866,Q3_Winter_CMP-01866,2023-05-06,2023-05-17,,6776,239,47711,,True,XX,Winter
1866,CMP-01867,Q4_Launch_CMP-01867,2023-01-21,2023-02-12,Instagram,37444,933,51192,170.0,True,IN,Launch
1867,CMP-01868,Q2_Launch_CMP-01868,2023-11-19,2023-12-12,Facebook,69916,1458,124423,130.0,False,FA,Launch
1868,CMP-01869,Q1_Winter_CMP-01869,2023-08-14,2023-08-29,Facebook,9711,187,18054,15.0,True,FA,Winter
1869,CMP-01870,Q4_Winter_CMP-01870,2023-05-27,2023-06-20,Google Ads,75318,1713,188205,,True,GO,Winter
1870,CMP-01871,Q3_Winter_CMP-01871,2023-11-10,2023-12-04,TikTok,83970,3874,334476,347.0,False,TI,Winter
1871,CMP-01872,Q4_Winter_CMP-01872,2023-03-14,2023-04-04,Email,86553,1134,91313,,True,EM,Winter
1872,CMP-01873,Q2_Launch_CMP-01873,2023-02-16,2023-02-25,Instagram,31707,1368,264274,198.0,True,IN,Launch
1873,CMP-01874,Q3_Launch_CMP-01874,2023-10-27,2023-11-01,TikTok,40110,960,180267,173.0,False,TI,Launch
1874,CMP-01875,Q2_Winter_CMP-01875,2023-03-11,2023-03-16,Google Ads,62788,1937,110504,,False,INVALID,Winter
1875,CMP-01876,Q4_BlackFriday_CMP-01876,2023-01-13,2023-02-07,Facebook,83879,3504,35328,656.0,False,FA,BlackFriday
1876,CMP-01877,Q1_Summer_CMP-01877,2023-12-31,2024-01-30,Instagram,39827,1807,200166,,True,IN,Summer
1877,CMP-01878,Q1_Summer_CMP-01878,2023-02-16,2023-02-23,Google Ads,6655,158,13565,19.0,True,GO,Summer
1878,CMP-01879,Q1_Summer_CMP-01879,2023-12-31,2024-01-03,Email,45859,1305,188352,151.0,False,EM,Summer
1879,CMP-01880,Q1_BlackFriday_CMP-01880,2023-05-03,2023-06-02,Google Ads,54625,1451,211929,238.0,False,GO,BlackFriday
1880,CMP-01881,Q1_BlackFriday_CMP-01881,2023-12-28,2024-01-10,Google Ads,53098,559,99265,63.0,False,GO,BlackFriday
1881,CMP-01882,Q3_Winter_CMP-01882,2023-09-26,2023-10-05,TikTok,16251,354,5704,67.0,True,TI,Winter
1882,CMP-01883,Q2_Winter_CMP-01883,2023-09-19,2023-10-02,Facebook,1526,43,565,7.0,True,FA,Winter
1883,CMP-01884,Q3_Summer_CMP-01884,2023-10-09,2023-10-17,Email,69760,1844,272982,,False,EM,Summer
1884,CMP-01885,Q3_BlackFriday_CMP-01885,2023-06-21,2023-06-23,Email,48837,1898,172905,115.0,False,EM,BlackFriday
1885,CMP-01886,Q4_Launch_CMP-01886,2023-03-18,2023-03-20,Instagram,12536,318,44189,56.0,True,IN,Launch
1886,CMP-01887,Q3_Winter_CMP-01887,2023-12-31,2024-01-10,TikTok,29541,873,107714,146.0,True,TI,Winter
1887,CMP-01888,Q3_BlackFriday_CMP-01888,2023-06-07,2023-06-08,Facebook,80083,2177,152394,142.0,False,FA,BlackFriday
1888,CMP-01889,Q1_Winter_CMP-01889,2023-08-17,2023-08-22,Email,52027,2061,178033,136.0,False,EM,Winter
1889,CMP-01890,Q2_Winter_CMP-01890,2023-03-09,2023-09-10,TikTok,35531,1581,148225,,True,TI,Winter
1890,CMP-01891,Q4_Summer_CMP-01891,2023-10-05,2023-11-04,Instagram,9712,303,5716,15.0,False,IN,Summer
1891,CMP-01892,Q4_Winter_CMP-01892,2023-09-12,2023-10-01,Insta_gram,66455,2763,233634,365.0,True,IN,Winter
1892,CMP-01893,Q4_BlackFriday_CMP-01893,2023-01-03,2023-01-10,Instagram,75744,1656,154648,324.0,False,IN,BlackFriday
1893,CMP-01894,Q2_Summer_CMP-01894,2023-04-22,2023-05-06,Google Ads,6109,193,20343,22.0,True,GO,Summer
1894,CMP-01895,Q2_Launch_CMP-01895,2023-07-29,2023-08-24,Email,50268,1196,178875,156.0,True,EM,Launch
1895,CMP-01896,Q1_Summer_CMP-01896,2023-01-04,2023-01-31,Google Ads,55615,1477,100046,288.0,True,GO,Summer
1896,CMP-01897,Q2_Launch_CMP-01897,2023-11-14,2023-12-13,Facebook,83503,3281,633534,289.0,False,FA,Launch
1897,CMP-01898,Q4_Launch_CMP-01898,2023-04-17,2023-04-22,,30759,1392,-250331,,True,XX,Launch
1898,CMP-01899,Q4_Winter_CMP-01899,2023-03-17,2023-03-31,Email,86708,1288,175918,,False,EM,Winter
1899,CMP-01900,Q1_BlackFriday_CMP-01900,2023-06-28,2023-07-16,Email,61112,2162,32669,292.0,True,EM,BlackFriday
1900,CMP-01901,Q4_Winter_CMP-01901,2023-01-17,2023-02-05,Instagram,27589,918,48194,93.0,True,IN,Winter
1901,CMP-01902,Q4_Summer_CMP-01902,2023-06-02,2023-07-02,Instagram,31015,457,46085,61.0,False,IN,Summer
1902,CMP-01903,Q4_BlackFriday_CMP-01903,2023-02-25,2023-03-27,Email,30009,554,93819,33.0,True,EM,BlackFriday
1903,CMP-01904,Q3_Summer_CMP-01904,2023-12-11,2023-12-18,Instagram,84309,1891,116528,311.0,False,IN,Summer
1904,CMP-01905,Q3_Summer_CMP-01905,2023-12-25,2023-12-26,TikTok,63046,1051,97057,,True,TI,Summer
1905,CMP-01906,Q2_Winter_CMP-01906,2023-04-01,2023-04-04,Email,27143,536,73858,98.0,True,EM,Winter
1906,CMP-01907,Q3_Launch_CMP-01907,2023-07-04,2023-08-03,Facebook,7154,148,13092,15.0,False,FA,Launch
1907,CMP-01908,Q2_Summer_CMP-01908,2023-06-03,2023-07-01,,22804,534,101512,38.0,True,XX,Summer
1908,CMP-01909,Q2_BlackFriday_CMP-01909,2023-02-04,2023-02-06,TikTok,42688,1706,118838,263.0,True,TI,BlackFriday
1909,CMP-01910,Q3_Summer_CMP-01910,2023-02-03,2023-02-12,Google Ads,65288,2146,363981,160.0,True,GO,Summer
1910,CMP-01911,Q3_Launch_CMP-01911,2023-12-22,2024-01-15,Facebook,52195,2581,325702,420.0,False,FA,Launch
1911,CMP-01912,Q1_Launch_CMP-01912,2023-07-31,2023-08-16,Instagram,21581,573,93141,,True,IN,Launch
1912,CMP-01913,Q2_BlackFriday_CMP-01913,2023-10-11,2023-12-06,Facebook,53648,2154,208092,359.0,False,FA,BlackFriday
1913,CMP-01914,Q3_Winter_CMP-01914,2023-10-20,2023-10-23,Email,31087,1394,17728,74.0,False,EM,Winter
1914,CMP-01915,Q3_Summer_CMP-01915,2023-02-14,2023-02-22,,50930,1892,33777,264.0,False,XX,Summer
1915,CMP-01916,Q4_BlackFriday_CMP-01916,2023-12-28,2024-01-12,Instagram,33981,899,107909,138.0,True,IN,BlackFriday
1916,CMP-01917,Q2_Summer_CMP-01917,2023-06-12,2023-07-12,Google Ads,70298,2822,293369,490.0,False,GO,Summer
1917,CMP-01918,Q2_BlackFriday_CMP-01918,2023-11-16,2023-11-22,Instagram,47167,855,111512,49.0,True,IN,BlackFriday
1918,CMP-01919,Q3_Launch_CMP-01919,2023-10-16,2023-11-15,Email,76304,1762,277699,214.0,True,EM,Launch
1919,CMP-01920,Q4_BlackFriday_CMP-01920,2023-09-12,2023-10-04,Facebook,44408,1415,164896,184.0,True,FA,BlackFriday
1920,CMP-01921,Q1_BlackFriday_CMP-01921,2023-11-09,2023-11-25,Google Ads,40499,1337,255142,100.0,True,GO,BlackFriday
1921,CMP-01922,Q4_Summer_CMP-01922,2023-10-04,2023-11-03,Google Ads,53269,579,54566,56.0,True,GO,Summer
1922,CMP-01923,Q3_Summer_CMP-01923,2023-01-13,2023-01-16,Facebook,39559,1891,229415,219.0,False,FA,Summer
1923,CMP-01924,Q2_Summer_CMP-01924,2023-04-17,2023-05-09,Instagram,75319,2851,46625,498.0,True,IN,Summer
1924,CMP-01925,Q1_BlackFriday_CMP-01925,2023-07-31,2023-08-15,Instagram,96317,2872,440473,543.0,False,IN,BlackFriday
1925,CMP-01926,Q4_Winter_CMP-01926,2023-06-29,2023-07-25,Facebook,97347,4606,82699,664.0,False,FA,Winter
1926,CMP-01927,Q4_Launch_CMP-01927,2023-01-06,2023-02-04,Email,49787,1372,273743,149.0,True,EM,Launch
1927,CMP-01928,Q4_Summer_CMP-01928,2023-05-11,2023-05-22,Google Ads,36488,1795,204682,158.0,True,GO,Summer
1928,CMP-01929,Q3_Launch_CMP-01929,2023-09-17,2023-10-07,Email,75441,2300,153347,453.0,False,INVALID,Launch
1929,CMP-01930,Q3_BlackFriday_CMP-01930,2023-02-28,2023-03-24,Instagram,75663,1102,60128,217.0,True,IN,BlackFriday
1930,CMP-01931,Q4_Launch_CMP-01931,2023-10-19,2023-10-31,,23431,951,151239,179.0,False,XX,Launch
1931,CMP-01932,Q3_Winter_CMP-01932,2023-03-31,2023-04-28,Facebook,62681,2328,421606,390.0,True,FA,Winter
1932,CMP-01933,Q3_BlackFriday_CMP-01933,2023-12-11,2023-12-27,Facebook,64483,2638,219236,260.0,True,FA,BlackFriday
1933,CMP-01934,Q2_Launch_CMP-01934,2023-01-19,2023-01-28,Instagram,50153,2410,177779,415.0,True,IN,Launch
1934,CMP-01935,Q3_BlackFriday_CMP-01935,2023-11-18,2023-12-07,Google Ads,7368,302,17918,33.0,False,GO,BlackFriday
1935,CMP-01936,Q1_Launch_CMP-01936,2023-06-21,2023-07-09,Facebook,28424,979,-169764,96.0,True,FA,Launch
1936,CMP-01937,Q1_BlackFriday_CMP-01937,2023-01-29,2023-02-16,Email,46004,2037,196993,329.0,True,EM,BlackFriday
1937,CMP-01938,Q1_Summer_CMP-01938,2023-12-14,2024-01-12,TikTok,84869,3134,345538,194.0,False,TI,Summer
1938,CMP-01939,Q2_Summer_CMP-01939,2023-04-17,2023-05-16,Google Ads,89652,2360,295974,135.0,False,GO,Summer
1939,CMP-01940,Q2_Summer_CMP-01940,2023-01-07,2023-07-28,Email,57985,2633,463192,308.0,False,EM,Summer
1940,CMP-01941,Q2_BlackFriday_CMP-01941,2023-03-18,2023-04-11,TikTok,51069,963,142163,112.0,True,TI,BlackFriday
1941,CMP-01942,Q1_Winter_CMP-01942,2023-07-12,2023-08-11,Google Ads,53326,2057,292628,379.0,True,GO,Winter
1942,CMP-01943,Q2_Summer_CMP-01943,2023-10-20,2023-11-10,TikTok,82061,3714,283567,255.0,True,TI,Summer
1943,CMP-01944,Q1_Summer_CMP-01944,2023-03-01,2023-03-23,Instagram,24398,957,121518,65.0,False,IN,Summer
1944,CMP-01945,Q1_BlackFriday_CMP-01945,2023-12-28,2024-01-08,TikTok,99393,3766,592419,271.0,True,TI,BlackFriday
1945,CMP-01946,Q1_Winter_CMP-01946,2023-05-20,2023-06-06,TikTok,51861,2079,407461,113.0,False,TI,Winter
1946,CMP-01947,Q4_BlackFriday_CMP-01947,2023-05-02,2023-05-07,Instagram,76897,2199,176384,133.0,False,IN,BlackFriday
1947,CMP-01948,Q1_Summer_CMP-01948,2023-06-04,2023-06-26,Instagram,82905,3727,191685,555.0,True,IN,Summer
1948,CMP-01949,Q1_Winter_CMP-01949,2023-02-27,2023-03-21,TikTok,69577,1261,77293,144.0,True,TI,Winter
1949,CMP-01950,Q2_Summer_CMP-01950,2023-04-14,2023-05-11,Instagram,66641,1005,10691,165.0,False,IN,Summer
1950,CMP-01951,Q2_Summer_CMP-01951,2023-01-13,2023-02-05,Facebook,10078,215,37213,42.0,False,FA,Summer
1951,CMP-01952,Q1_Summer_CMP-01952,2023-03-20,2023-04-08,,26003,812,4147,120.0,False,XX,Summer
1952,CMP-01953,Q4_Winter_CMP-01953,2023-09-26,2023-10-26,Email,63768,1939,22979,111.0,False,EM,Winter
1953,CMP-01954,Q2_Summer_CMP-01954,2023-02-20,2023-03-14,Instagram,52047,2228,221429,,False,IN,Summer
1954,CMP-01955,Q1_Launch_CMP-01955,2023-12-13,2023-12-22,Instagram,72626,1901,110015,346.0,False,IN,Launch
1955,CMP-01956,Q3_Winter_CMP-01956,2023-01-19,2023-02-14,TikTok,58660,1723,202514,222.0,False,INVALID,Winter
1956,CMP-01957,Q4_Winter_CMP-01957,2023-09-25,2023-10-15,Email,50786,535,47194,92.0,False,EM,Winter
1957,CMP-01958,Q4_Winter_CMP-01958,2023-01-23,2023-02-17,Facebook,2925,77,7914,13.0,False,FA,Winter
1958,CMP-01959,Q4_BlackFriday_CMP-01959,2023-02-14,2023-03-15,TikTok,84976,3051,475475,577.0,False,TI,BlackFriday
1959,CMP-01960,Q1_Launch_CMP-01960,2023-02-22,2023-03-02,Facebook,27015,286,36675,55.0,False,FA,Launch
1960,CMP-01961,Q2_Summer_CMP-01961,2023-09-06,2023-10-06,Facebook,34320,728,50011,96.0,True,INVALID,Summer
1961,CMP-01962,Q1_Winter_CMP-01962,2023-06-09,2023-07-06,Facebook,65881,1206,23422,121.0,False,FA,Winter
1962,CMP-01963,Q2_BlackFriday_CMP-01963,2023-04-13,2023-04-14,,91827,1072,155854,208.0,True,XX,BlackFriday
1963,CMP-01964,Q2_Winter_CMP-01964,2023-06-13,2023-06-27,Facebook,27289,796,131245,105.0,False,FA,Winter
1964,CMP-01965,Q1_Summer_CMP-01965,2023-05-20,2023-06-05,Facebook,4389,75,4641,4.0,False,FA,Summer
1965,CMP-01966,Q2_Winter_CMP-01966,2023-01-08,2023-01-17,Google Ads,26683,1059,60425,155.0,False,GO,Winter
1966,CMP-01967,Q3_Winter_CMP-01967,2023-02-22,2023-03-05,Facebook,14629,642,33973,88.0,False,FA,Winter
1967,CMP-01968,Q2_Launch_CMP-01968,2023-06-13,2023-06-30,TikTok,62550,1990,155855,366.0,True,TI,Launch
1968,CMP-01969,Q3_Launch_CMP-01969,2023-05-26,2023-06-05,TikTok,25826,1272,142669,188.0,False,TI,Launch
1969,CMP-01970,Q3_Winter_CMP-01970,2023-06-09,2023-06-25,Google Ads,27630,774,147349,79.0,True,GO,Winter
1970,CMP-01971,Q4_BlackFriday_CMP-01971,2023-08-16,2023-09-09,Instagram,99762,3046,361131,593.0,False,IN,BlackFriday
1971,CMP-01972,Q3_Winter_CMP-01972,2023-01-15,2023-01-28,Email,47163,2337,218599,,True,EM,Winter
1972,CMP-01973,Q1_BlackFriday_CMP-01973,2023-02-24,2023-02-26,Email,99511,1916,25730,276.0,False,EM,BlackFriday
1973,CMP-01974,Q3_Winter_CMP-01974,2023-07-20,2023-08-08,,67435,3216,214797,302.0,False,XX,Winter
1974,CMP-01975,Q1_Summer_CMP-01975,2023-10-31,2023-11-10,Google Ads,12653,148,20931,15.0,False,GO,Summer
1975,CMP-01976,Q1_Launch_CMP-01976,2023-08-17,2023-09-12,TikTok,28961,806,109023,121.0,False,TI,Launch
1976,CMP-01977,Q3_Summer_CMP-01977,2023-04-12,2023-05-10,Insta_gram,82941,1061,179096,64.0,False,IN,Summer
1977,CMP-01978,Q4_Summer_CMP-01978,2023-01-10,2023-10-10,TikTok,75137,2943,582723,260.0,True,TI,Summer
1978,CMP-01979,Q4_Summer_CMP-01979,2023-08-27,2023-08-31,Google Ads,34662,1190,104281,186.0,True,GO,Summer
1979,CMP-01980,Q1_BlackFriday_CMP-01980,2023-12-24,2024-01-20,Instagram,99818,3819,482907,465.0,False,IN,BlackFriday
1980,CMP-01981,Q3_Summer_CMP-01981,2023-12-17,2023-12-22,TikTok,57446,1434,267197,158.0,True,INVALID,Summer
1981,CMP-01982,Q3_BlackFriday_CMP-01982,2023-08-29,2023-09-16,Facebook,22288,552,92614,,False,FA,BlackFriday
1982,CMP-01983,Q4_BlackFriday_CMP-01983,2023-11-12,2023-11-20,Facebook,96081,1134,139608,131.0,False,FA,BlackFriday
1983,CMP-01984,Q4_BlackFriday_CMP-01984,2023-04-04,2023-05-02,Google Ads,37877,908,17416,150.0,True,GO,BlackFriday
1984,CMP-01985,Q4_BlackFriday_CMP-01985,2023-06-16,2023-07-12,,16313,769,45052,68.0,False,XX,BlackFriday
1985,CMP-01986,Q4_BlackFriday_CMP-01986,2023-09-01,2023-09-09,Google Ads,81885,2060,390679,104.0,True,GO,BlackFriday
1986,CMP-01987,Q2_Winter_CMP-01987,2023-03-29,2023-04-27,Facebook,73715,3188,183553,479.0,False,FA,Winter
1987,CMP-01988,Q2_Summer_CMP-01988,2023-10-22,2023-10-30,Email,11326,494,65255,96.0,False,EM,Summer
1988,CMP-01989,Q3_Launch_CMP-01989,2024-01-01,2024-01-16,TikTok,2560,63,11565,8.0,False,TI,Launch
1989,CMP-01990,Q4_Launch_CMP-01990,2023-11-29,2023-12-28,Email,80148,2827,252757,192.0,True,EM,Launch
1990,CMP-01991,Q3_Launch_CMP-01991,2023-06-04,2023-06-09,TikTok,84186,1163,140534,114.0,False,TI,Launch
1991,CMP-01992,Q4_Launch_CMP-01992,2023-07-31,2023-08-30,Google Ads,27745,392,38671,70.0,True,GO,Launch
1992,CMP-01993,Q4_Winter_CMP-01993,2023-03-23,2023-03-27,Google Ads,32890,392,75586,33.0,True,GO,Winter
1993,CMP-01994,Q2_Launch_CMP-01994,2023-06-24,2023-07-17,Facebook,21022,698,121136,98.0,True,FA,Launch
1994,CMP-01995,Q4_Summer_CMP-01995,2023-08-09,2023-08-27,TikTok,53579,1448,226395,159.0,True,TI,Summer
1995,CMP-01996,Q2_BlackFriday_CMP-01996,2023-06-25,2023-07-12,Google Ads,71316,2276,314416,184.0,True,GO,BlackFriday
1996,CMP-01997,Q4_Winter_CMP-01997,2023-12-06,2023-12-18,Facebook,84847,2616,45280,449.0,False,FA,Winter
1997,CMP-01998,Q4_BlackFriday_CMP-01998,2023-12-31,2024-01-14,Instagram,29380,705,76732,,False,IN,BlackFriday
1998,CMP-01999,Q1_Launch_CMP-01999,2023-10-31,2023-11-24,Instagram,3356,124,14524,18.0,False,IN,Launch
1999,CMP-02000,Q2_Winter_CMP-02000,2023-02-19,2023-03-04,TikTok,71326,2877,458882,245.0,False,TI,Winter
2000,CMP-01881,Q1_BlackFriday_CMP-01881,2023-12-28,2024-01-10,Google Ads,53098,559,99265,63.0,False,GO,BlackFriday
2001,CMP-01292,Q4_Winter_CMP-01292,2023-07-07,2023-07-20,Google Ads,39258,1290,23310,123.0,False,GO,Winter
2002,CMP-01426,Q3_Launch_CMP-01426,2023-01-21,2023-01-29,Email,30373,1454,264072,110.0,True,EM,Launch
2003,CMP-01064,Q2_Summer_CMP-01064,2023-05-02,2023-05-28,Facebook,64076,1065,137103,169.0,True,FA,Summer
2004,CMP-01602,Q1_Winter_CMP-01602,2023-11-11,2023-11-21,Google Ads,11816,374,46042,67.0,False,GO,Winter
2005,CMP-01256,Q3_Launch_CMP-01256,2023-09-17,2023-10-10,Email,11395,320,23266,40.0,True,EM,Launch
2006,CMP-01559,Q3_Winter_CMP-01559,2023-12-17,2023-12-20,Google Ads,79187,2248,179619,148.0,True,GO,Winter
2007,CMP-01489,Q4_Summer_CMP-01489,2023-05-29,2023-06-04,,7960,271,14135,35.0,True,XX,Summer
2008,CMP-01377,Q1_Winter_CMP-01377,2023-12-21,2023-12-29,Email,87143,2204,264914,391.0,True,E-,Winter
2009,CMP-01321,Q1_Winter_CMP-01321,2023-07-03,2023-07-21,Facebook,32480,943,137445,173.0,True,FA,Winter
2010,CMP-00439,Q1_Launch_CMP-00439,2023-08-03,2023-08-27,Google Ads,88235,3182,509382,385.0,True,GO,Launch
2011,CMP-01028,Q4_Summer_CMP-01028,2023-12-24,2024-01-05,TikTok,54441,2158,242276,252.0,True,TI,Summer
2012,CMP-01200,Q3_BlackFriday_CMP-01200,2023-09-25,2023-10-15,Email,54028,2254,199167,139.0,False,EM,BlackFriday
2013,CMP-00388,Q1_Summer_CMP-00388,2023-06-20,2023-06-25,TikTok,57958,2328,213523,280.0,True,TI,Summer
2014,CMP-00185,Q3_Launch_CMP-00185,2023-08-03,2023-08-27,Facebook,56016,1728,189033,128.0,False,FA,Launch
2015,CMP-00400,Q3_Summer_CMP-00400,2023-10-31,2023-11-13,TikTok,30592,586,50395,77.0,True,TI,Summer
2016,CMP-01255,Q4_Summer_CMP-01255,2023-09-01,2023-09-26,Google Ads,20097,897,16410,162.0,False,GO,Summer
2017,CMP-01050,Q2_Launch_CMP-01050,2023-02-09,2023-02-21,Instagram,33254,1117,88382,214.0,False,IN,Launch
2018,CMP-01118,Q4_Winter_CMP-01118,2023-03-30,2023-04-27,Facebook,68728,2960,41985,591.0,True,FA,Winter
2019,CMP-01554,Q4_Launch_CMP-01554,2023-06-26,2023-07-09,Email,96402,1090,131559,66.0,True,EM,Launch
